Organisation Code,Organisation Name,All Procedures - Total HES Procedures,All Procedures - Total Pre-Op Qs,All Procedures - Participation Rate,All Procedures - Total Linked,All Procedures - Linkage rate,All Procedures - Total Q2s sent to date,All Procedures - Issue rate,All Procedures - Total Q2s returned to date,All Procedures - Response rate,Hip Replacement - Total HES Procedures,Hip Replacement - Total Pre-Op Qs,Hip Replacement - Participation Rate,Hip Replacement - Total Linked,Hip Replacement - Linkage rate,Hip Replacement - Total Q2s sent to date,Hip Replacement - Issue rate,Hip Replacement - Total Q2s returned to date,Hip Replacement - Response rate,Primary Hip Replacement - Total HES Procedures,Primary Hip Replacement - Total Pre-Op Qs,Primary Hip Replacement - Participation Rate,Primary Hip Replacement - Total Linked,Primary Hip Replacement - Linkage rate,Primary Hip Replacement - Total Q2s sent to date,Primary Hip Replacement - Issue rate,Primary Hip Replacement - Total Q2s returned to date,Primary Hip Replacement - Response rate,Revision Hip Replacement - Total HES Procedures,Revision Hip Replacement - Total Pre-Op Qs,Revision Hip Replacement - Participation Rate,Revision Hip Replacement - Total Linked,Revision Hip Replacement - Linkage rate,Revision Hip Replacement - Total Q2s sent to date,Revision Hip Replacement - Issue rate,Revision Hip Replacement - Total Q2s returned to date,Revision Hip Replacement - Response rate,Knee Replacement - Total HES Procedures,Knee Replacement - Total Pre-Op Qs,Knee Replacement - Participation Rate,Knee Replacement - Total Linked,Knee Replacement - Linkage rate,Knee Replacement - Total Q2s sent to date,Knee Replacement - Issue rate,Knee Replacement - Total Q2s returned to date,Knee Replacement - Response rate,Primary Knee Replacement - Total HES Procedures,Primary Knee Replacement - Total Pre-Op Qs,Primary Knee Replacement - Participation Rate,Primary Knee Replacement - Total Linked,Primary Knee Replacement - Linkage rate,Primary Knee Replacement - Total Q2s sent to date,Primary Knee Replacement - Issue rate,Primary Knee Replacement - Total Q2s returned to date,Primary Knee Replacement - Response rate,Revision Knee Replacement - Total HES Procedures,Revision Knee Replacement - Total Pre-Op Qs,Revision Knee Replacement - Participation Rate,Revision Knee Replacement - Total Linked,Revision Knee Replacement - Linkage rate,Revision Knee Replacement - Total Q2s sent to date,Revision Knee Replacement - Issue rate,Revision Knee Replacement - Total Q2s returned to date,Revision Knee Replacement - Response rate
England,ENGLAND,166722,144618,0.86742,109093,0.7543528,137574,0.9512924,96501,0.7014479,76169,65546,0.8605338,50307,0.7675068,62405,0.9520795,44252,0.7091098,70745,47405,0.6700827,47405,1,46024,0.9708681,35867,0.7793108,5424,2902,0.5350295,2902,1,2849,0.9817367,2014,0.7069147,90553,79072,0.8732124,58786,0.743449,75169,0.9506399,52249,0.6950871,85584,56262,0.6573892,56262,1,54471,0.9681668,42351,0.7774963,4969,2524,0.5079493,2524,1,2485,0.9845483,1721,0.6925553
REM,AINTREE UNIVERSITY HOSPITAL NHS FOUNDATION TRUST,542,377,0.695572,235,0.6233422,376,0.9973475,216,0.5744681,265,188,0.709434,115,0.6117021,187,0.9946809,103,0.5508021,247,107,0.4331984,107,1,107,1,66,0.6168224,18,8,0.4444444,8,1,8,1,5,0.625,277,189,0.6823105,120,0.6349206,189,1,113,0.5978836,257,113,0.4396887,113,1,113,1,80,0.7079646,20,7,0.35,7,1,7,1,5,0.7142857
RCF,AIREDALE NHS FOUNDATION TRUST,471,424,0.9002123,376,0.8867925,420,0.990566,327,0.7785714,243,211,0.8683128,185,0.8767773,208,0.985782,169,0.8125,230,*,*,*,*,*,*,*,*,13,*,*,*,*,*,*,*,*,228,213,0.9342105,191,0.8967136,212,0.9953052,158,0.745283,222,*,*,*,*,*,*,*,*,6,*,*,*,*,*,*,*,*
RTK,ASHFORD AND ST PETER'S HOSPITALS NHS FOUNDATION TRUST,691,778,1.1259045,480,0.6169666,687,0.8830334,410,0.5967977,315,353,1.1206349,219,0.6203966,308,0.8725212,182,0.5909091,295,210,0.7118644,210,1,201,0.9571429,135,0.6716418,20,9,0.45,9,1,9,1,3,0.3333333,376,425,1.1303191,261,0.6141176,379,0.8917647,228,0.6015831,349,248,0.7106017,248,1,241,0.9717742,164,0.6804979,27,13,0.4814815,13,1,12,0.9230769,7,0.5833333
NVC01,ASHTEAD HOSPITAL,74,84,1.1351351,62,0.7380952,82,0.9761905,71,0.8658537,36,41,1.1388889,29,0.7073171,39,0.9512195,35,0.8974359,*,*,*,*,*,*,*,*,*,*,*,*,*,*,*,*,*,*,38,43,1.1315789,33,0.7674419,43,1,36,0.8372093,*,*,*,*,*,*,*,*,0.90625,*,*,*,*,*,*,*,0,*
NYW04,ASPEN - CLAREMONT HOSPITAL,215,54,0.2511628,0,0,40,0.7407407,40,1,96,24,0.25,0,0,16,0.6666667,16,1,*,0,*,0,0,0,0,0,0,*,0,*,0,0,0,0,0,0,119,30,0.2521008,0,0,24,0.8,24,1,*,0,0,*,0,0,0,0,0,*,0,*,0,0,0,0,0,0
NYW03,ASPEN - HIGHGATE HOSPITAL,24,0,0,0,0,0,0,0,0,10,0,0,0,0,0,0,0,0,10,0,0,0,0,0,0,0,0,0,0,0,0,0,0,0,0,0,14,*,*,0,*,*,*,*,*,14,0,0,0,0,0,0,0,0,0,0,0,0,0,0,0,0,0
NYW02,ASPEN - PARKSIDE HOSPITAL,27,0,0,0,0,0,0,0,0,20,*,*,0,*,0,*,0,*,*,0,*,0,0,0,0,0,0,*,0,*,0,0,0,0,0,0,7,*,*,0,*,*,*,*,*,7,0,0,0,0,0,0,0,0,0,0,0,0,0,0,0,0,0
NYW01,ASPEN - THE HOLLY,87,0,0,0,0,0,0,0,0,46,0,0,0,0,0,0,0,0,*,0,*,0,0,0,0,0,0,*,0,*,0,0,0,0,0,0,41,0,0,0,0,0,0,0,0,41,0,0,0,0,0,0,0,0,0,0,0,0,0,0,0,0,0
RF4,"BARKING, HAVERING AND REDBRIDGE UNIVERSITY HOSPITALS NHS TRUST",587,608,1.0357751,402,0.6611842,545,0.8963816,336,0.6165138,240,236,0.9833333,161,0.6822034,215,0.9110169,141,0.655814,224,154,0.6875,154,1,152,0.987013,101,0.6644737,16,7,0.4375,7,1,6,0.8571429,6,1,347,372,1.0720461,241,0.6478495,330,0.8870968,195,0.5909091,335,*,*,*,*,*,*,*,*,12,*,*,*,*,*,*,*,*
NTP13,BARLBOROUGH NHS TREATMENT CENTRE,1324,1798,1.358006,1405,0.7814238,1792,0.996663,1418,0.7912946,558,759,1.3602151,588,0.7747036,756,0.9960474,604,0.7989418,538,566,1.0520446,566,1,566,1,476,0.8409894,20,22,1.1,22,1,22,1,17,0.7727273,766,1039,1.3563969,817,0.786333,1036,0.9971126,814,0.7857143,744,792,1.0645161,792,1,792,1,660,0.8333333,22,25,1.1363636,25,1,25,1,17,0.68
RFF,BARNSLEY HOSPITAL NHS FOUNDATION TRUST,630,466,0.7396825,413,0.8862661,466,1,351,0.7532189,239,176,0.7364017,153,0.8693182,176,1,136,0.7727273,224,145,0.6473214,145,1,145,1,125,0.862069,15,8,0.5333333,8,1,8,1,2,0.25,391,290,0.741688,260,0.8965517,290,1,215,0.7413793,374,248,0.6631016,248,1,248,1,189,0.7620968,17,12,0.7058824,12,1,12,1,10,0.8333333
R1H,BARTS HEALTH NHS TRUST,992,907,0.9143145,725,0.7993385,872,0.9614112,498,0.5711009,367,331,0.9019074,265,0.8006042,318,0.9607251,187,0.5880503,318,244,0.7672956,244,1,240,0.9836066,152,0.6333333,49,21,0.4285714,21,1,21,1,10,0.4761905,625,576,0.9216,460,0.7986111,554,0.9618056,311,0.5613718,581,438,0.7538726,438,1,432,0.9863014,264,0.6111111,44,22,0.5,22,1,22,1,17,0.7727273
RDD,BASILDON AND THURROCK UNIVERSITY HOSPITALS NHS FOUNDATION TRUST,473,448,0.9471459,333,0.7433036,440,0.9821429,288,0.6545455,192,205,1.0677083,150,0.7317073,201,0.9804878,132,0.6567164,177,139,0.7853107,139,1,138,0.9928058,109,0.7898551,15,11,0.7333333,11,1,11,1,10,0.9090909,281,243,0.8647687,183,0.7530864,239,0.9835391,156,0.6527197,259,172,0.6640927,172,1,172,1,132,0.7674419,22,11,0.5,11,1,11,1,9,0.8181818
RC1,BEDFORD HOSPITAL NHS TRUST,420,362,0.8619048,264,0.7292818,356,0.9834254,245,0.6882022,201,168,0.8358209,125,0.7440476,164,0.9761905,119,0.7256098,188,*,*,*,*,*,*,*,*,13,*,*,*,*,*,*,*,*,219,194,0.8858447,139,0.7164948,192,0.9896907,126,0.65625,207,*,*,*,*,*,*,*,*,12,*,*,*,*,*,*,*,*
NWF01,BENENDEN HOSPITAL,542,319,0.5885609,282,0.8840125,317,0.9937304,265,0.8359621,214,124,0.5794393,115,0.9274194,124,1,96,0.7741935,*,*,*,*,*,*,*,*,*,*,*,*,*,*,*,*,*,*,328,195,0.5945122,167,0.8564103,193,0.9897436,169,0.8756477,*,*,*,*,*,*,*,*,*,*,*,*,*,*,*,*,*,*
NWX11,BICS-COMMUNITY,427,0,0,0,0,0,0,0,0,239,0,0,0,0,0,0,0,0,231,0,0,0,0,0,0,0,0,8,0,0,0,0,0,0,0,0,188,0,0,0,0,0,0,0,0,*,0,0,*,0,0,0,0,0,*,0,*,0,0,0,0,0,0
RXL,BLACKPOOL TEACHING HOSPITALS NHS FOUNDATION TRUST,493,328,0.6653144,269,0.820122,325,0.9908537,257,0.7907692,204,169,0.8284314,147,0.8698225,169,1,138,0.816568,198,*,*,*,*,*,*,*,*,6,*,*,*,*,*,*,*,*,289,159,0.550173,122,0.7672956,156,0.9811321,119,0.7628205,278,*,*,*,*,*,*,*,*,11,*,*,*,*,*,*,*,*
NT402,BMI - BATH CLINIC,299,327,1.0936455,260,0.795107,325,0.9938838,228,0.7015385,161,171,1.0621118,139,0.8128655,170,0.994152,128,0.7529412,*,*,*,*,*,*,*,*,*,*,*,*,*,*,*,*,*,*,138,156,1.1304348,121,0.775641,155,0.9935897,100,0.6451613,*,121,0.8897059,*,1,121,1,88,0.7272727,*,0,*,0,0,0,0,0,0
NT405,BMI - BISHOPS WOOD,78,46,0.5897436,41,0.8913043,46,1,35,0.7608696,37,22,0.5945946,20,0.9090909,22,1,18,0.8181818,*,20,*,20,1,20,1,16,0.8,*,0,*,0,0,0,0,0,0,41,24,0.5853659,21,0.875,24,1,17,0.7083333,*,*,*,*,*,*,*,*,*,*,*,*,*,*,*,*,*,*
NT409,BMI - CHELSFIELD PARK HOSPITAL,94,29,0.3085106,29,1,29,1,21,0.7241379,48,11,0.2291667,11,1,11,1,8,0.7272727,*,11,*,11,1,11,1,8,0.7272727,*,0,*,0,0,0,0,0,0,46,18,0.3913043,18,1,18,1,13,0.7222222,*,18,0.4090909,*,1,18,1,13,0.7222222,*,0,*,0,0,0,0,0,0
NT414,BMI - FAWKHAM MANOR HOSPITAL,57,46,0.8070175,45,0.9782609,46,1,37,0.8043478,27,25,0.9259259,25,1,25,1,21,0.84,27,25,0.9259259,25,1,25,1,21,0.84,0,0,0,0,0,0,0,0,0,30,21,0.7,20,0.952381,21,1,16,0.7619048,30,20,0.6666667,20,1,20,1,16,0.8,0,0,0,0,0,0,0,0,0
NT417,BMI - GORING HALL HOSPITAL,572,451,0.7884615,413,0.9157428,450,0.9977827,355,0.7888889,243,196,0.8065844,181,0.9234694,196,1,159,0.8112245,233,172,0.7381974,172,1,172,1,146,0.8488372,10,9,0.9,9,1,9,1,7,0.7777778,329,255,0.775076,232,0.9098039,254,0.9960784,196,0.7716535,308,221,0.7175325,221,1,220,0.9954751,178,0.8090909,21,11,0.5238095,11,1,11,1,9,0.8181818
NT416,BMI - HENDON HOSPITAL,16,29,1.8125,18,0.6206897,29,1,20,0.6896552,*,8,*,3,0.375,8,1,6,0.75,*,*,*,*,*,*,*,*,*,0,0,0,0,0,0,0,0,0,16,21,1.3125,15,0.7142857,21,1,14,0.6666667,16,15,0.9375,15,1,15,1,10,0.6666667,0,0,0,0,0,0,0,0,0
NT433,BMI - SARUM ROAD HOSPITAL,142,47,0.3309859,44,0.9361702,47,1,39,0.8297872,69,17,0.2463768,16,0.9411765,17,1,14,0.8235294,69,*,*,*,*,*,*,*,*,0,*,*,*,*,*,*,*,*,73,30,0.4109589,28,0.9333333,30,1,25,0.8333333,73,28,0.3835616,28,1,28,1,25,0.8928571,0,0,0,0,0,0,0,0,0
NT436,BMI - SHIRLEY OAKS HOSPITAL,81,34,0.4197531,22,0.6470588,34,1,25,0.7352941,36,10,0.2777778,8,0.8,10,1,9,0.9,36,8,0.2222222,8,1,8,1,7,0.875,0,0,0,0,0,0,0,0,0,45,24,0.5333333,14,0.5833333,24,1,16,0.6666667,*,14,0.3181818,*,1,14,1,11,0.7857143,*,0,*,0,0,0,0,0,0
NT401,BMI - THE ALEXANDRA HOSPITAL,521,511,0.9808061,412,0.8062622,510,0.9980431,369,0.7235294,198,193,0.9747475,157,0.8134715,193,1,137,0.7098446,*,157,*,157,1,157,1,122,0.7770701,*,0,*,0,0,0,0,0,0,323,318,0.9845201,255,0.8018868,317,0.9968553,232,0.7318612,*,*,*,*,*,*,*,*,0.7619048,*,*,*,*,*,*,*,0,*
NT403,BMI - THE BEARDWOOD HOSPITAL,255,246,0.9647059,224,0.9105691,242,0.9837398,183,0.7561983,133,127,0.9548872,120,0.9448819,126,0.992126,94,0.7460317,133,120,0.9022556,120,1,120,1,90,0.75,0,0,0,0,0,0,0,0,0,122,119,0.9754098,104,0.8739496,116,0.9747899,89,0.7672414,122,104,0.852459,104,1,103,0.9903846,83,0.8058252,0,0,0,0,0,0,0,0,0
NT404,BMI - THE BEAUMONT HOSPITAL,263,256,0.973384,230,0.8984375,255,0.9960938,185,0.7254902,78,78,1,67,0.8589744,78,1,56,0.7179487,78,67,0.8589744,67,1,67,1,52,0.7761194,0,0,0,0,0,0,0,0,0,185,178,0.9621622,163,0.9157303,177,0.994382,129,0.7288136,*,*,*,*,*,*,*,*,*,*,*,*,*,*,*,*,*,*
NT406,BMI - THE BLACKHEATH HOSPITAL,59,53,0.8983051,33,0.6226415,53,1,41,0.7735849,36,29,0.8055556,21,0.7241379,29,1,24,0.8275862,36,21,0.5833333,21,1,21,1,19,0.9047619,0,0,0,0,0,0,0,0,0,23,24,1.0434783,12,0.5,24,1,17,0.7083333,23,12,0.5217391,12,1,12,1,9,0.75,0,0,0,0,0,0,0,0,0
NT408,BMI - THE CHAUCER HOSPITAL,61,59,0.9672131,53,0.8983051,59,1,42,0.7118644,13,10,0.7692308,9,0.9,10,1,6,0.6,13,9,0.6923077,9,1,9,1,6,0.6666667,0,0,0,0,0,0,0,0,0,48,49,1.0208333,44,0.8979592,49,1,36,0.7346939,*,*,*,*,*,*,*,*,*,*,*,*,*,*,*,*,*,*
NT410,BMI - THE CHILTERN HOSPITAL,201,218,1.0845771,195,0.8944954,218,1,178,0.8165138,95,104,1.0947368,95,0.9134615,104,1,83,0.7980769,*,*,*,*,*,*,*,*,*,*,*,*,*,*,*,*,*,*,106,114,1.0754717,100,0.877193,114,1,95,0.8333333,106,100,0.9433962,100,1,100,1,86,0.86,0,0,0,0,0,0,0,0,0
NT411,BMI - THE CLEMENTINE CHURCHILL HOSPITAL,208,106,0.5096154,84,0.7924528,105,0.990566,63,0.6,66,48,0.7272727,38,0.7916667,48,1,29,0.6041667,*,*,*,*,*,*,*,*,*,*,*,*,*,*,*,*,*,*,142,58,0.4084507,46,0.7931034,57,0.9827586,34,0.5964912,*,*,*,*,*,*,*,*,*,*,*,*,*,*,*,*,*,*
NT412,BMI - THE DROITWICH SPA HOSPITAL,249,168,0.6746988,130,0.7738095,167,0.9940476,132,0.7904192,116,86,0.7413793,69,0.8023256,86,1,70,0.8139535,*,*,*,*,*,*,*,*,*,*,*,*,*,*,*,*,*,*,133,82,0.6165414,61,0.7439024,81,0.9878049,62,0.7654321,*,*,*,*,*,*,*,*,*,*,*,*,*,*,*,*,*,*
NT413,BMI - THE ESPERANCE HOSPITAL,157,149,0.9490446,128,0.8590604,149,1,119,0.7986577,89,84,0.9438202,70,0.8333333,84,1,73,0.8690476,*,70,*,70,1,70,1,66,0.9428571,*,0,*,0,0,0,0,0,0,68,65,0.9558824,58,0.8923077,65,1,46,0.7076923,*,*,*,*,*,*,*,*,*,*,*,*,*,*,*,*,*,*
NT418,BMI - THE HAMPSHIRE CLINIC,165,145,0.8787879,134,0.9241379,144,0.9931034,122,0.8472222,87,75,0.862069,70,0.9333333,75,1,66,0.88,87,70,0.8045977,70,1,70,1,63,0.9,0,0,0,0,0,0,0,0,0,78,70,0.8974359,64,0.9142857,69,0.9857143,56,0.8115942,78,64,0.8205128,64,1,63,0.984375,53,0.8412698,0,0,0,0,0,0,0,0,0
NT419,BMI - THE HARBOUR HOSPITAL,28,20,0.7142857,15,0.75,20,1,15,0.75,18,14,0.7777778,12,0.8571429,14,1,10,0.7142857,18,12,0.6666667,12,1,12,1,8,0.6666667,0,0,0,0,0,0,0,0,0,10,6,0.6,3,0.5,6,1,5,0.8333333,10,*,*,*,*,*,*,*,*,0,0,0,0,0,0,0,0,0
NT420,BMI - THE HIGHFIELD HOSPITAL,539,186,0.3450835,161,0.8655914,184,0.9892473,131,0.7119565,221,79,0.3574661,66,0.835443,78,0.9873418,60,0.7692308,221,66,0.2986425,66,1,66,1,55,0.8333333,0,0,0,0,0,0,0,0,0,318,107,0.336478,95,0.8878505,106,0.9906542,71,0.6698113,*,95,0.3006329,*,1,95,1,66,0.6947368,*,0,*,0,0,0,0,0,0
NT421,BMI - THE KINGS OAK HOSPITAL,78,44,0.5641026,29,0.6590909,44,1,34,0.7727273,33,19,0.5757576,13,0.6842105,19,1,15,0.7894737,33,13,0.3939394,13,1,13,1,10,0.7692308,0,0,0,0,0,0,0,0,0,45,25,0.5555556,16,0.64,25,1,19,0.76,45,16,0.3555556,16,1,16,1,14,0.875,0,0,0,0,0,0,0,0,0
NT422,BMI - THE LONDON INDEPENDENT HOSPITAL,67,54,0.8059701,38,0.7037037,54,1,32,0.5925926,20,17,0.85,12,0.7058824,17,1,8,0.4705882,20,12,0.6,12,1,12,1,4,0.3333333,0,0,0,0,0,0,0,0,0,47,37,0.787234,26,0.7027027,37,1,24,0.6486486,47,26,0.5531915,26,1,26,1,18,0.6923077,0,0,0,0,0,0,0,0,0
NT423,BMI - THE MANOR HOSPITAL,171,128,0.748538,122,0.953125,128,1,111,0.8671875,70,54,0.7714286,53,0.9814815,54,1,47,0.8703704,70,53,0.7571429,53,1,53,1,47,0.8867925,0,0,0,0,0,0,0,0,0,101,74,0.7326733,69,0.9324324,74,1,64,0.8648649,101,69,0.6831683,69,1,69,1,62,0.8985507,0,0,0,0,0,0,0,0,0
NT424,BMI - THE MERIDEN HOSPITAL,265,240,0.9056604,206,0.8583333,237,0.9875,154,0.649789,106,91,0.8584906,78,0.8571429,91,1,60,0.6593407,*,*,*,*,*,*,*,56,*,*,*,*,*,*,*,*,0,*,159,149,0.9371069,128,0.8590604,146,0.9798658,94,0.6438356,148,*,*,*,*,*,*,*,*,11,*,*,*,*,*,*,*,*
NT427,BMI - THE PARK HOSPITAL,268,148,0.5522388,136,0.9189189,148,1,123,0.8310811,108,55,0.5092593,53,0.9636364,55,1,46,0.8363636,*,53,*,53,1,53,1,44,0.8301887,*,0,*,0,0,0,0,0,0,160,93,0.58125,83,0.8924731,93,1,77,0.827957,*,*,*,*,*,*,*,*,*,*,*,*,*,*,*,*,*,*
NT428,BMI - THE PRINCESS MARGARET HOSPITAL,45,35,0.7777778,33,0.9428571,35,1,28,0.8,20,15,0.75,15,1,15,1,11,0.7333333,20,15,0.75,15,1,15,1,11,0.7333333,0,0,0,0,0,0,0,0,0,25,20,0.8,18,0.9,20,1,17,0.85,25,18,0.72,18,1,18,1,15,0.8333333,0,0,0,0,0,0,0,0,0
NT429,BMI - THE PRIORY HOSPITAL,163,67,0.4110429,59,0.880597,67,1,48,0.7164179,90,37,0.4111111,33,0.8918919,37,1,28,0.7567568,*,*,*,*,*,*,*,*,*,*,*,*,*,*,*,*,*,*,73,30,0.4109589,26,0.8666667,30,1,20,0.6666667,73,26,0.3561644,26,1,26,1,18,0.6923077,0,0,0,0,0,0,0,0,0
NT430,BMI - THE RIDGEWAY HOSPITAL,177,176,0.9943503,161,0.9147727,174,0.9886364,142,0.816092,85,84,0.9882353,75,0.8928571,83,0.9880952,65,0.7831325,85,75,0.8823529,75,1,74,0.9866667,62,0.8378378,0,0,0,0,0,0,0,0,0,92,92,1,86,0.9347826,91,0.9891304,77,0.8461538,85,80,0.9411765,80,1,80,1,68,0.85,7,6,0.8571429,6,1,6,1,6,1
NT431,BMI - THE RUNNYMEDE HOSPITAL,62,59,0.9516129,56,0.9491525,59,1,50,0.8474576,28,25,0.8928571,24,0.96,25,1,22,0.88,28,24,0.8571429,24,1,24,1,22,0.9166667,0,0,0,0,0,0,0,0,0,34,34,1,32,0.9411765,34,1,28,0.8235294,*,*,*,*,*,*,*,*,*,*,*,*,*,*,*,*,*,*
NT432,BMI - THE SANDRINGHAM HOSPITAL,271,278,1.0258303,262,0.942446,277,0.9964029,230,0.8303249,122,133,1.0901639,125,0.9398496,132,0.9924812,106,0.8030303,122,125,1.0245902,125,1,125,1,106,0.848,0,0,0,0,0,0,0,0,0,149,145,0.9731544,137,0.9448276,145,1,124,0.8551724,*,*,*,*,*,*,*,*,*,*,*,*,*,*,*,*,*,*
NT434,BMI - THE SAXON CLINIC,150,159,1.06,140,0.8805031,159,1,122,0.7672956,75,84,1.12,72,0.8571429,84,1,61,0.7261905,75,72,0.96,72,1,72,1,56,0.7777778,0,0,0,0,0,0,0,0,0,75,75,1,68,0.9066667,75,1,61,0.8133333,75,68,0.9066667,68,1,68,1,57,0.8382353,0,0,0,0,0,0,0,0,0
NT435,BMI - THE SHELBURNE HOSPITAL,23,27,1.173913,20,0.7407407,27,1,21,0.7777778,13,12,0.9230769,10,0.8333333,12,1,10,0.8333333,13,10,0.7692308,10,1,10,1,10,1,0,0,0,0,0,0,0,0,0,10,15,1.5,10,0.6666667,15,1,11,0.7333333,10,10,1,10,1,10,1,8,0.8,0,0,0,0,0,0,0,0,0
NT437,BMI - THE SLOANE HOSPITAL,49,41,0.8367347,40,0.9756098,41,1,31,0.7560976,20,18,0.9,17,0.9444444,18,1,13,0.7222222,20,17,0.85,17,1,17,1,12,0.7058824,0,0,0,0,0,0,0,0,0,29,23,0.7931034,23,1,23,1,18,0.7826087,*,*,*,*,*,*,*,*,*,*,*,*,*,*,*,*,*,*
NT438,BMI - THE SOMERFIELD HOSPITAL,135,205,1.5185185,104,0.5073171,204,0.995122,154,0.754902,50,84,1.68,42,0.5,84,1,64,0.7619048,*,*,*,*,*,*,*,*,*,*,*,*,*,*,*,*,*,*,85,121,1.4235294,62,0.5123967,120,0.9917355,90,0.75,*,62,0.7380952,*,1,61,0.983871,54,0.8852459,*,0,*,0,0,0,0,0,0
NT439,BMI - THE SOUTH CHESHIRE PRIVATE HOSPITAL,124,106,0.8548387,95,0.8962264,106,1,85,0.8018868,40,32,0.8,27,0.84375,32,1,25,0.78125,40,27,0.675,27,1,27,1,23,0.8518519,0,0,0,0,0,0,0,0,0,84,74,0.8809524,68,0.9189189,74,1,60,0.8108108,*,*,*,*,*,*,*,*,*,*,*,*,*,*,*,*,*,*
NT443,BMI - THE WINTERBOURNE HOSPITAL,312,199,0.6378205,163,0.8190955,199,1,161,0.8090452,173,104,0.6011561,94,0.9038462,104,1,85,0.8173077,173,94,0.5433526,94,1,94,1,84,0.893617,0,0,0,0,0,0,0,0,0,139,95,0.6834532,69,0.7263158,95,1,76,0.8,*,*,*,*,*,*,*,*,*,*,*,*,*,*,*,*,*,*
NT440,BMI - THORNBURY HOSPITAL,118,255,2.1610169,224,0.8784314,254,0.9960784,191,0.7519685,73,125,1.7123288,111,0.888,125,1,96,0.768,66,99,1.5,99,1,99,1,82,0.8282828,7,12,1.7142857,12,1,12,1,9,0.75,45,130,2.8888889,113,0.8692308,129,0.9923077,95,0.7364341,38,107,2.8157895,107,1,106,0.9906542,85,0.8018868,7,6,0.8571429,6,1,6,1,4,0.6666667
NT441,BMI - THREE SHIRES HOSPITAL,492,372,0.7560976,326,0.8763441,371,0.9973118,280,0.754717,210,148,0.7047619,130,0.8783784,148,1,117,0.7905405,*,*,*,*,*,*,*,*,*,*,*,*,*,*,*,*,*,*,282,224,0.7943262,196,0.875,223,0.9955357,163,0.7309417,271,188,0.6937269,188,1,188,1,153,0.8138298,11,8,0.7272727,8,1,8,1,4,0.5
NT497,BMI GISBURNE PARK HOSPITAL,107,121,1.1308411,100,0.8264463,121,1,91,0.7520661,34,44,1.2941176,33,0.75,44,1,32,0.7272727,34,33,0.9705882,33,1,33,1,28,0.8484848,0,0,0,0,0,0,0,0,0,73,77,1.0547945,67,0.8701299,77,1,59,0.7662338,73,67,0.9178082,67,1,67,1,58,0.8656716,0,0,0,0,0,0,0,0,0
NT455,BMI MOUNT ALVERNIA HOSPITAL,14,9,0.6428571,5,0.5555556,9,1,8,0.8888889,6,*,*,*,*,*,*,*,*,6,*,*,*,*,*,*,*,*,0,0,0,0,0,0,0,0,0,8,9,1.125,5,0.5555556,9,1,8,0.8888889,8,*,*,*,*,*,*,*,*,0,0,0,0,0,0,0,0,0
NT446,BMI ST EDMUNDS HOSPITAL,343,320,0.9329446,296,0.925,319,0.996875,274,0.8589342,190,180,0.9473684,166,0.9222222,179,0.9944444,153,0.8547486,190,166,0.8736842,166,1,166,1,146,0.8795181,0,0,0,0,0,0,0,0,0,153,140,0.9150327,130,0.9285714,140,1,121,0.8642857,153,130,0.8496732,130,1,130,1,117,0.9,0,0,0,0,0,0,0,0,0
NT451,BMI THE CAVELL HOSPITAL,196,118,0.6020408,99,0.8389831,118,1,89,0.7542373,95,64,0.6736842,54,0.84375,64,1,49,0.765625,*,*,*,*,*,*,*,*,*,*,*,*,*,*,*,*,*,*,101,54,0.5346535,45,0.8333333,54,1,40,0.7407407,*,*,*,*,*,*,*,*,0.75,*,*,*,*,*,*,*,0,*
NT447,BMI THE DUCHY HOSPITAL,142,106,0.7464789,91,0.8584906,106,1,78,0.7358491,68,46,0.6764706,42,0.9130435,46,1,39,0.8478261,68,42,0.6176471,42,1,42,1,37,0.8809524,0,0,0,0,0,0,0,0,0,74,60,0.8108108,49,0.8166667,60,1,39,0.65,74,49,0.6621622,49,1,49,1,35,0.7142857,0,0,0,0,0,0,0,0,0
NT445,BMI THE EDGBASTON HOSPITAL,141,129,0.9148936,107,0.8294574,129,1,97,0.751938,55,49,0.8909091,41,0.8367347,49,1,35,0.7142857,55,41,0.7454545,41,1,41,1,28,0.6829268,0,0,0,0,0,0,0,0,0,86,80,0.9302326,66,0.825,80,1,62,0.775,*,*,*,*,*,*,*,*,*,*,*,*,*,*,*,*,*,*
NT448,BMI THE HUDDERSFIELD HOSPITAL,357,258,0.7226891,214,0.8294574,257,0.996124,199,0.7743191,99,70,0.7070707,59,0.8428571,70,1,55,0.7857143,99,59,0.5959596,59,1,59,1,49,0.8305085,0,0,0,0,0,0,0,0,0,258,188,0.7286822,155,0.8244681,187,0.9946809,144,0.7700535,*,*,*,*,*,*,*,*,*,*,*,*,*,*,*,*,*,*
NT449,BMI THE LANCASTER HOSPITAL,176,220,1.25,143,0.65,220,1,161,0.7318182,85,106,1.2470588,72,0.6792453,106,1,77,0.7264151,*,*,*,*,*,*,*,*,*,*,*,*,*,*,*,*,*,*,91,114,1.2527473,71,0.622807,114,1,84,0.7368421,*,*,*,*,*,*,*,*,*,*,*,*,*,*,*,*,*,*
NT450,BMI THE LINCOLN HOSPITAL,351,271,0.7720798,247,0.9114391,271,1,224,0.8265683,156,119,0.7628205,108,0.907563,119,1,99,0.8319328,*,108,*,108,1,108,1,91,0.8425926,*,0,*,0,0,0,0,0,0,195,152,0.7794872,139,0.9144737,152,1,125,0.8223684,*,*,*,*,*,*,*,*,*,*,*,*,*,*,*,*,*,*
NT457,BMI WOODLANDS HOSPITAL,669,480,0.7174888,447,0.93125,480,1,392,0.8166667,300,206,0.6866667,194,0.9417476,206,1,174,0.8446602,293,*,*,*,*,*,*,*,*,7,*,*,*,*,*,*,*,*,369,274,0.7425474,253,0.9233577,274,1,218,0.7956204,355,243,0.684507,243,1,243,1,203,0.8353909,14,10,0.7142857,10,1,10,1,6,0.6
RMC,BOLTON NHS FOUNDATION TRUST,396,387,0.9772727,294,0.7596899,381,0.9844961,237,0.6220472,150,155,1.0333333,111,0.716129,151,0.9741935,90,0.5960265,*,*,*,*,*,*,*,78,*,*,*,*,*,*,*,*,0,*,246,232,0.9430894,183,0.7887931,230,0.9913793,147,0.6391304,232,173,0.7456897,173,1,173,1,116,0.6705202,14,10,0.7142857,10,1,10,1,7,0.7
RAE,BRADFORD TEACHING HOSPITALS NHS FOUNDATION TRUST,512,423,0.8261719,310,0.7328605,377,0.891253,223,0.5915119,169,134,0.7928994,98,0.7313433,125,0.9328358,75,0.6,144,90,0.625,90,1,86,0.9555556,57,0.6627907,25,8,0.32,8,1,8,1,7,0.875,343,289,0.8425656,212,0.733564,252,0.8719723,148,0.5873016,322,202,0.6273292,202,1,184,0.9108911,128,0.6956522,21,10,0.4761905,10,1,10,1,4,0.4
RXH,BRIGHTON AND SUSSEX UNIVERSITY HOSPITALS NHS TRUST,767,731,0.9530639,610,0.8344733,699,0.9562244,488,0.6981402,378,360,0.952381,299,0.8305556,341,0.9472222,238,0.6979472,313,258,0.8242812,258,1,256,0.9922481,192,0.75,65,41,0.6307692,41,1,41,1,27,0.6585366,389,371,0.9537275,311,0.8382749,358,0.9649596,250,0.698324,347,285,0.8213256,285,1,285,1,212,0.7438596,42,26,0.6190476,26,1,26,1,18,0.6923077
RXQ,BUCKINGHAMSHIRE HEALTHCARE NHS TRUST,660,828,1.2545455,215,0.2596618,819,0.9891304,402,0.4908425,357,403,1.1288515,132,0.3275434,395,0.9801489,216,0.5468354,324,126,0.3888889,126,1,124,0.984127,86,0.6935484,33,6,0.1818182,6,1,6,1,6,1,303,425,1.4026403,83,0.1952941,424,0.9976471,186,0.4386792,289,*,*,*,*,*,*,*,*,14,*,*,*,*,*,*,*,*
RJF,BURTON HOSPITALS NHS FOUNDATION TRUST,626,639,1.0207668,412,0.6447574,638,0.9984351,449,0.7037618,260,245,0.9423077,174,0.7102041,245,1,178,0.7265306,*,*,*,*,*,*,*,*,*,*,*,*,*,*,*,*,*,*,366,394,1.0765027,238,0.6040609,393,0.9974619,271,0.6895674,357,*,*,*,*,*,*,*,*,9,*,*,*,*,*,*,*,*
RWY,CALDERDALE AND HUDDERSFIELD NHS FOUNDATION TRUST,829,745,0.8986731,715,0.9597315,743,0.9973154,588,0.7913863,415,375,0.9036145,361,0.9626667,374,0.9973333,300,0.802139,383,335,0.8746736,335,1,335,1,273,0.8149254,32,26,0.8125,26,1,26,1,20,0.7692308,414,370,0.8937198,354,0.9567568,369,0.9972973,288,0.7804878,390,339,0.8692308,339,1,339,1,271,0.79941,24,15,0.625,15,1,15,1,10,0.6666667
RGT,CAMBRIDGE UNIVERSITY HOSPITALS NHS FOUNDATION TRUST,779,797,1.0231065,439,0.5508156,792,0.9937265,451,0.5694444,418,407,0.9736842,216,0.5307125,404,0.992629,224,0.5544554,368,196,0.5326087,196,1,195,0.994898,125,0.6410256,50,20,0.4,20,1,20,1,16,0.8,361,390,1.0803324,223,0.5717949,388,0.9948718,227,0.5850515,331,210,0.6344411,210,1,209,0.9952381,153,0.7320574,30,13,0.4333333,13,1,13,1,9,0.6923077
RW3,CENTRAL MANCHESTER UNIVERSITY HOSPITALS NHS FOUNDATION TRUST,0,362,0,0,0,362,1,225,0.621547,0,131,0,0,0,131,1,79,0.6030534,0,0,0,0,0,0,0,0,0,0,0,0,0,0,0,0,0,0,0,231,0,0,0,231,1,146,0.6320346,0,0,0,0,0,0,0,0,0,0,0,0,0,0,0,0,0,0
RQM,CHELSEA AND WESTMINSTER HOSPITAL NHS FOUNDATION TRUST,611,558,0.913257,283,0.5071685,520,0.9318996,249,0.4788462,271,235,0.8671587,141,0.6,215,0.9148936,122,0.5674419,261,*,*,*,*,*,*,*,*,10,*,*,*,*,*,*,*,*,340,323,0.95,142,0.4396285,305,0.9442724,127,0.4163934,331,*,*,*,*,*,*,*,*,9,*,*,*,*,*,*,*,*
RFS,CHESTERFIELD ROYAL HOSPITAL NHS FOUNDATION TRUST,672,591,0.8794643,527,0.891709,588,0.9949239,418,0.7108844,299,252,0.8428094,228,0.9047619,251,0.9960317,185,0.7370518,272,211,0.7757353,211,1,210,0.9952607,159,0.7571429,27,17,0.6296296,17,1,17,1,10,0.5882353,373,339,0.9088472,299,0.8820059,337,0.9941003,233,0.6913947,352,286,0.8125,286,1,285,0.9965035,213,0.7473684,21,13,0.6190476,13,1,13,1,8,0.6153846
NV313,CIRCLE - NOTTINGHAM NHS TREATMENT CENTRE,582,650,1.1168385,561,0.8630769,645,0.9923077,459,0.7116279,238,277,1.1638655,236,0.8519856,274,0.9891697,185,0.6751825,*,*,*,*,*,*,*,*,*,*,*,*,*,*,*,*,*,*,344,373,1.0843023,325,0.8713137,371,0.9946381,274,0.7385445,*,*,*,*,*,*,*,*,*,*,*,*,*,*,*,*,*,*
NV302,CIRCLE BATH HOSPITAL,734,782,1.0653951,646,0.826087,774,0.9897698,572,0.7390181,365,365,1,313,0.8575342,360,0.9863014,273,0.7583333,359,*,*,*,*,*,*,*,*,6,*,*,*,*,*,*,*,*,369,417,1.1300813,333,0.7985612,414,0.9928058,299,0.7222222,*,*,*,*,*,*,*,*,*,*,*,*,*,*,*,*,*,*
NV323,CIRCLE READING HOSPITAL,262,267,1.019084,216,0.8089888,267,1,209,0.7827715,146,142,0.9726027,127,0.8943662,142,1,114,0.8028169,146,127,0.869863,127,1,127,1,106,0.8346457,0,0,0,0,0,0,0,0,0,116,125,1.0775862,89,0.712,125,1,95,0.76,116,89,0.7672414,89,1,89,1,73,0.8202247,0,0,0,0,0,0,0,0,0
RLN,CITY HOSPITALS SUNDERLAND NHS FOUNDATION TRUST,944,840,0.8898305,568,0.6761905,835,0.9940476,526,0.6299401,396,348,0.8787879,242,0.6954023,343,0.9856322,214,0.6239067,366,225,0.6147541,225,1,224,0.9955556,156,0.6964286,30,17,0.5666667,17,1,16,0.9411765,10,0.625,548,492,0.8978102,326,0.6626016,492,1,312,0.6341463,523,313,0.5984704,313,1,313,1,238,0.7603834,25,13,0.52,13,1,13,1,7,0.5384615
NVC28,CLIFTON PARK HOSPITAL,508,479,0.9429134,442,0.9227557,478,0.9979123,405,0.8472803,231,211,0.9134199,193,0.9146919,211,1,178,0.8436019,223,186,0.8340807,186,1,186,1,157,0.844086,8,7,0.875,7,1,7,1,6,0.8571429,277,268,0.967509,249,0.9291045,267,0.9962687,227,0.8501873,258,231,0.8953488,231,1,230,0.995671,199,0.8652174,19,18,0.9473684,18,1,18,1,15,0.8333333
RJR,COUNTESS OF CHESTER HOSPITAL NHS FOUNDATION TRUST,227,283,1.246696,195,0.6890459,240,0.8480565,139,0.5791667,122,127,1.0409836,100,0.7874016,109,0.8582677,68,0.6238532,*,*,*,*,*,*,*,*,*,*,*,*,*,*,*,*,*,*,105,156,1.4857143,95,0.6089744,131,0.8397436,71,0.5419847,99,*,*,*,*,*,*,*,*,6,*,*,*,*,*,*,*,*
RXP,COUNTY DURHAM AND DARLINGTON NHS FOUNDATION TRUST,1077,1156,1.0733519,885,0.7655709,1150,0.9948097,741,0.6443478,467,514,1.1006424,397,0.7723735,511,0.9941634,316,0.6183953,450,384,0.8533333,384,1,384,1,286,0.7447917,17,13,0.7647059,13,1,13,1,5,0.3846154,610,642,1.052459,488,0.7601246,639,0.9953271,425,0.6651017,575,459,0.7982609,459,1,459,1,359,0.7821351,35,29,0.8285714,29,1,28,0.9655172,19,0.6785714
RN7,DARTFORD AND GRAVESHAM NHS TRUST,822,809,0.9841849,233,0.2880099,720,0.8899876,463,0.6430556,284,353,1.2429577,88,0.2492918,307,0.8696884,193,0.6286645,265,*,*,*,*,*,*,*,*,19,*,*,*,*,*,*,*,*,538,456,0.8475836,145,0.3179825,413,0.9057018,270,0.653753,513,*,*,*,*,*,*,*,*,25,*,*,*,*,*,*,*,*
RP5,DONCASTER AND BASSETLAW TEACHING HOSPITALS NHS FOUNDATION TRUST,1190,710,0.5966387,583,0.8211268,704,0.9915493,447,0.6349432,545,329,0.6036697,273,0.8297872,325,0.9878419,204,0.6276923,516,253,0.4903101,253,1,253,1,173,0.6837945,29,20,0.6896552,20,1,20,1,13,0.65,645,381,0.5906977,310,0.8136483,379,0.9947507,243,0.6411609,612,286,0.4673203,286,1,285,0.9965035,210,0.7368421,33,24,0.7272727,24,1,23,0.9583333,14,0.6086957
NNE02,DORKING GENERAL HOSPITAL,112,0,0,0,0,0,0,0,0,58,0,0,0,0,0,0,0,0,*,0,*,0,0,0,0,0,0,*,0,*,0,0,0,0,0,0,54,0,0,0,0,0,0,0,0,*,0,0,*,0,0,0,0,0,*,0,*,0,0,0,0,0,0
RBD,DORSET COUNTY HOSPITAL NHS FOUNDATION TRUST,672,627,0.9330357,529,0.8437002,587,0.9362041,465,0.7921635,367,345,0.9400545,286,0.8289855,326,0.9449275,252,0.7730061,335,262,0.7820896,262,1,259,0.9885496,206,0.7953668,32,24,0.75,24,1,24,1,13,0.5416667,305,282,0.9245902,243,0.8617021,261,0.9255319,213,0.816092,287,232,0.8083624,232,1,231,0.9956897,192,0.8311688,18,11,0.6111111,11,1,11,1,9,0.8181818
NVC04,DUCHY HOSPITAL,1074,1088,1.0130354,962,0.8841912,1078,0.9908088,836,0.7755102,557,544,0.9766607,478,0.8786765,539,0.9908088,426,0.7903525,*,*,*,*,*,*,*,*,*,*,*,*,*,*,*,*,*,*,517,544,1.0522244,484,0.8897059,539,0.9908088,410,0.7606679,491,465,0.9470468,465,1,464,0.9978495,379,0.8168103,26,19,0.7307692,19,1,19,1,12,0.6315789
RWH,EAST AND NORTH HERTFORDSHIRE NHS TRUST,687,796,1.1586608,571,0.7173367,788,0.9899497,470,0.5964467,349,407,1.1661891,313,0.7690418,402,0.987715,246,0.6119403,296,273,0.9222973,273,1,272,0.996337,195,0.7169118,53,40,0.754717,40,1,40,1,25,0.625,338,389,1.1508876,258,0.6632391,386,0.9922879,224,0.5803109,305,242,0.7934426,242,1,242,1,173,0.714876,33,16,0.4848485,16,1,16,1,13,0.8125
RJN,EAST CHESHIRE NHS TRUST,395,349,0.8835443,292,0.8366762,338,0.9684814,253,0.7485207,205,176,0.8585366,146,0.8295455,170,0.9659091,132,0.7764706,*,*,*,*,*,*,*,*,*,*,*,*,*,*,*,*,*,*,190,173,0.9105263,146,0.8439306,168,0.9710983,121,0.7202381,*,*,*,*,*,*,*,*,*,*,*,*,*,*,*,*,*,*
RVV,EAST KENT HOSPITALS UNIVERSITY NHS FOUNDATION TRUST,1492,1356,0.9088472,998,0.7359882,1340,0.9882006,817,0.6097015,673,599,0.8900446,442,0.7378965,591,0.9866444,353,0.5972927,623,403,0.64687,403,1,399,0.9900744,291,0.7293233,50,39,0.78,39,1,38,0.974359,26,0.6842105,819,757,0.9242979,556,0.7344782,749,0.989432,464,0.6194927,767,511,0.6662321,511,1,508,0.9941292,377,0.742126,52,45,0.8653846,45,1,45,1,26,0.5777778
RXR,EAST LANCASHIRE HOSPITALS NHS TRUST,872,723,0.8291284,391,0.5408022,708,0.9792531,387,0.5466102,350,320,0.9142857,157,0.490625,312,0.975,171,0.5480769,339,*,*,*,*,*,*,*,*,11,*,*,*,*,*,*,*,*,522,403,0.7720307,234,0.5806452,396,0.9826303,216,0.5454545,513,*,*,*,*,*,*,*,*,9,*,*,*,*,*,*,*,*
RDE,EAST SUFFOLK AND NORTH ESSEX NHS FOUNDATION TRUST,843,626,0.742586,445,0.7108626,620,0.9904153,400,0.6451613,406,286,0.7044335,207,0.7237762,282,0.986014,182,0.6453901,368,190,0.5163043,190,1,189,0.9947368,142,0.7513228,38,17,0.4473684,17,1,17,1,13,0.7647059,437,340,0.778032,238,0.7,338,0.9941176,218,0.6449704,402,228,0.5671642,228,1,227,0.995614,181,0.7973568,35,10,0.2857143,10,1,10,1,8,0.8
RXC,EAST SUSSEX HEALTHCARE NHS TRUST,478,611,1.2782427,209,0.3420622,606,0.9918167,397,0.6551155,207,250,1.2077295,89,0.356,247,0.988,172,0.6963563,182,75,0.4120879,75,1,75,1,60,0.8,25,14,0.56,14,1,14,1,12,0.8571429,271,361,1.3321033,120,0.33241,359,0.9944598,225,0.6267409,248,*,*,*,*,*,*,*,*,23,*,*,*,*,*,*,*,*
NTPH2,EMERSONS GREEN NHS TREATMENT CENTRE,710,775,1.0915493,691,0.8916129,773,0.9974194,643,0.8318241,287,310,1.0801394,279,0.9,308,0.9935484,261,0.8474026,*,*,*,*,*,*,*,241,*,*,*,*,*,*,*,*,0,*,423,465,1.0992908,412,0.8860215,465,1,382,0.8215054,423,412,0.9739953,412,1,412,1,347,0.842233,0,0,0,0,0,0,0,0,0
RVR,EPSOM AND ST HELIER UNIVERSITY HOSPITALS NHS TRUST,3030,2920,0.9636964,2423,0.8297945,2695,0.9229452,1911,0.7090909,1421,1296,0.9120338,1126,0.8688272,1221,0.9421296,913,0.7477477,1337,1055,0.78908,1055,1,1040,0.985782,794,0.7634615,84,71,0.8452381,71,1,70,0.9859155,49,0.7,1609,1624,1.0093226,1297,0.7986453,1474,0.9076355,998,0.6770692,1529,1244,0.8136037,1244,1,1194,0.9598071,859,0.7194305,80,53,0.6625,53,1,52,0.9811321,29,0.5576923
NVC05,EUXTON HALL HOSPITAL,417,284,0.6810552,255,0.8978873,284,1,237,0.834507,181,123,0.679558,109,0.8861789,123,1,100,0.8130081,*,109,*,109,1,109,1,96,0.8807339,*,0,*,0,0,0,0,0,0,236,161,0.6822034,146,0.9068323,161,1,137,0.8509317,*,*,*,*,*,*,*,*,*,*,*,*,*,*,*,*,*,*
NVG01,FAIRFIELD HOSPITAL,346,326,0.9421965,295,0.904908,324,0.993865,241,0.7438272,112,106,0.9464286,94,0.8867925,105,0.990566,88,0.8380952,112,94,0.8392857,94,1,93,0.9893617,80,0.8602151,0,0,0,0,0,0,0,0,0,234,220,0.9401709,201,0.9136364,219,0.9954545,153,0.6986301,*,*,*,*,*,*,*,*,0.75,*,*,*,*,*,*,*,0,*
NVC06,FITZWILLIAM HOSPITAL,693,696,1.004329,626,0.8994253,696,1,552,0.7931034,306,312,1.0196078,282,0.9038462,312,1,249,0.7980769,*,*,*,*,*,*,*,*,*,*,*,*,*,*,*,*,*,*,387,384,0.9922481,344,0.8958333,384,1,303,0.7890625,381,*,*,*,*,*,*,*,*,6,*,*,*,*,*,*,*,*
AHH,FOSCOTE COURT (BANBURY) TRUST LTD,75,56,0.7466667,51,0.9107143,56,1,48,0.8571429,31,24,0.7741935,22,0.9166667,24,1,19,0.7916667,31,22,0.7096774,22,1,22,1,18,0.8181818,0,0,0,0,0,0,0,0,0,44,32,0.7272727,29,0.90625,32,1,29,0.90625,44,29,0.6590909,29,1,29,1,28,0.9655172,0,0,0,0,0,0,0,0,0
RDU,FRIMLEY HEALTH NHS FOUNDATION TRUST,1825,1442,0.790137,1188,0.8238558,1434,0.9944521,1011,0.7050209,775,608,0.7845161,521,0.8569079,606,0.9967105,426,0.7029703,732,500,0.6830601,500,1,499,0.998,368,0.7374749,43,21,0.4883721,21,1,21,1,16,0.7619048,1050,834,0.7942857,667,0.7997602,828,0.9928058,585,0.7065217,972,632,0.6502058,632,1,629,0.9952532,478,0.7599364,78,35,0.4487179,35,1,35,1,29,0.8285714
NVC07,FULWOOD HALL HOSPITAL,663,378,0.5701357,348,0.9206349,376,0.994709,311,0.8271277,292,169,0.5787671,154,0.9112426,168,0.9940828,140,0.8333333,*,*,*,*,*,*,*,*,*,*,*,*,*,*,*,*,*,*,371,209,0.5633423,194,0.9282297,208,0.9952153,171,0.8221154,*,194,0.5286104,*,1,193,0.9948454,163,0.8445596,*,0,*,0,0,0,0,0,0
RR7,GATESHEAD HEALTH NHS FOUNDATION TRUST,881,447,0.507378,406,0.9082774,430,0.9619687,331,0.7697674,369,195,0.5284553,180,0.9230769,190,0.974359,140,0.7368421,343,168,0.4897959,168,1,166,0.9880952,125,0.753012,26,12,0.4615385,12,1,12,1,6,0.5,512,252,0.4921875,226,0.8968254,240,0.952381,191,0.7958333,484,219,0.4524793,219,1,215,0.9817352,175,0.8139535,28,7,0.25,7,1,7,1,4,0.5714286
RLT,GEORGE ELIOT HOSPITAL NHS TRUST,481,491,1.02079,269,0.5478615,487,0.9918534,325,0.6673511,186,193,1.0376344,110,0.5699482,190,0.984456,135,0.7105263,174,104,0.5977011,104,1,103,0.9903846,86,0.8349515,12,6,0.5,6,1,6,1,3,0.5,295,298,1.0101695,159,0.533557,297,0.9966443,190,0.6397306,275,*,*,*,*,*,*,*,*,20,*,*,*,*,*,*,*,*
RTE,GLOUCESTERSHIRE HOSPITALS NHS FOUNDATION TRUST,1717,1422,0.8281887,912,0.6413502,1401,0.9852321,913,0.6516774,810,693,0.8555556,452,0.6522367,683,0.98557,436,0.6383602,732,422,0.5765027,422,1,417,0.9881517,312,0.7482014,78,30,0.3846154,30,1,30,1,19,0.6333333,907,729,0.8037486,460,0.6310014,718,0.9849108,477,0.6643454,860,444,0.5162791,444,1,439,0.9887387,335,0.7630979,47,16,0.3404255,16,1,15,0.9375,11,0.7333333
RN3,GREAT WESTERN HOSPITALS NHS FOUNDATION TRUST,907,1026,1.1312018,788,0.7680312,1025,0.9990253,676,0.6595122,385,451,1.1714286,381,0.8447894,451,1,312,0.691796,353,355,1.0056657,355,1,355,1,264,0.743662,32,26,0.8125,26,1,26,1,18,0.6923077,522,575,1.1015326,407,0.7078261,574,0.9982609,364,0.6341463,475,370,0.7789474,370,1,369,0.9972973,268,0.7262873,47,37,0.787234,37,1,37,1,30,0.8108108
RJ1,GUY'S AND ST THOMAS' NHS FOUNDATION TRUST,837,673,0.8040621,463,0.6879643,551,0.8187221,330,0.5989111,379,313,0.8258575,217,0.6932907,263,0.8402556,156,0.5931559,350,207,0.5914286,207,1,204,0.9855072,135,0.6617647,29,10,0.3448276,10,1,10,1,6,0.6,458,360,0.7860262,246,0.6833333,288,0.8,174,0.6041667,388,222,0.5721649,222,1,200,0.9009009,132,0.66,70,24,0.3428571,24,1,21,0.875,14,0.6666667
RN5,HAMPSHIRE HOSPITALS NHS FOUNDATION TRUST,1209,1031,0.8527709,892,0.8651794,1024,0.9932105,835,0.8154297,568,479,0.8433099,437,0.9123173,474,0.9895616,393,0.8291139,514,399,0.7762646,399,1,399,1,342,0.8571429,54,38,0.7037037,38,1,38,1,30,0.7894737,641,552,0.8611544,455,0.8242754,550,0.9963768,442,0.8036364,579,421,0.7271157,421,1,421,1,353,0.8384798,62,34,0.5483871,34,1,34,1,24,0.7058824
RCD,HARROGATE AND DISTRICT NHS FOUNDATION TRUST,754,865,1.1472149,726,0.8393064,864,0.9988439,643,0.744213,330,399,1.2090909,334,0.8370927,399,1,278,0.6967419,316,318,1.0063291,318,1,318,1,232,0.7295597,14,16,1.1428571,16,1,16,1,13,0.8125,424,466,1.0990566,392,0.8412017,465,0.9978541,365,0.7849462,398,368,0.9246231,368,1,368,1,304,0.826087,26,24,0.9230769,24,1,24,1,18,0.75
RR1,HEART OF ENGLAND NHS FOUNDATION TRUST,1145,1380,1.2052402,625,0.4528986,1377,0.9978261,723,0.5250545,497,553,1.1126761,275,0.4972875,551,0.9963834,314,0.569873,438,252,0.5753425,252,1,251,0.9960317,178,0.7091633,59,23,0.3898305,23,1,23,1,13,0.5652174,648,827,1.2762346,350,0.4232164,826,0.9987908,409,0.4951574,603,339,0.5621891,339,1,339,1,222,0.6548673,45,11,0.2444444,11,1,11,1,8,0.7272727
RQQ,HINCHINGBROOKE HEALTH CARE NHS TRUST,0,0,0,0,0,0,0,0,0,0,0,0,0,0,0,0,0,0,0,0,0,0,0,0,0,0,0,0,0,0,0,0,0,0,0,0,0,*,*,0,*,*,*,*,*,0,0,0,0,0,0,0,0,0,0,0,0,0,0,0,0,0,0
NTY25,HOLLY HOUSE HOSPITAL,0,0,0,0,0,0,0,0,0,0,0,0,0,0,0,0,0,0,0,0,0,0,0,0,0,0,0,0,0,0,0,0,0,0,0,0,0,*,*,0,*,0,*,0,*,0,0,0,0,0,0,0,0,0,0,0,0,0,0,0,0,0,0
RQX,HOMERTON UNIVERSITY HOSPITAL NHS FOUNDATION TRUST,188,193,1.0265957,151,0.7823834,187,0.9689119,101,0.540107,96,95,0.9895833,76,0.8,92,0.9684211,50,0.5434783,*,*,*,*,*,*,*,46,*,*,*,*,*,*,*,*,0,*,92,98,1.0652174,75,0.7653061,95,0.9693878,51,0.5368421,92,75,0.8152174,75,1,75,1,45,0.6,0,0,0,0,0,0,0,0,0
NVC25,HORTON NHS TREATMENT CENTRE,1101,1078,0.9791099,959,0.8896104,1074,0.9962894,899,0.8370577,485,486,1.0020619,439,0.9032922,483,0.9938272,403,0.8343685,*,*,*,*,*,*,*,*,*,*,*,*,*,*,*,*,*,*,616,592,0.961039,520,0.8783784,591,0.9983108,496,0.8392555,583,498,0.8542024,498,1,497,0.997992,429,0.8631791,33,22,0.6666667,22,1,22,1,17,0.7727273
RWA,HULL AND EAST YORKSHIRE HOSPITALS NHS TRUST,900,895,0.9944444,711,0.7944134,889,0.9932961,614,0.6906637,402,404,1.0049751,322,0.7970297,399,0.9876238,273,0.6842105,342,272,0.7953216,272,1,271,0.9963235,210,0.7749077,60,50,0.8333333,50,1,50,1,34,0.68,498,491,0.9859438,389,0.7922607,490,0.9979633,341,0.6959184,437,345,0.7894737,345,1,345,1,278,0.8057971,61,44,0.7213115,44,1,44,1,34,0.7727273
RYJ,IMPERIAL COLLEGE HEALTHCARE NHS TRUST,564,505,0.8953901,338,0.6693069,390,0.7722772,227,0.5820513,203,178,0.8768473,102,0.5730337,124,0.6966292,64,0.516129,184,88,0.4782609,88,1,81,0.9204545,46,0.5679012,19,14,0.7368421,14,1,12,0.8571429,8,0.6666667,361,327,0.9058172,236,0.7217125,266,0.8134557,163,0.612782,342,225,0.6578947,225,1,198,0.88,123,0.6212121,19,11,0.5789474,11,1,10,0.9090909,8,0.8
RGQ,IPSWICH HOSPITAL NHS TRUST,760,797,1.0486842,640,0.8030113,796,0.9987453,613,0.7701005,380,398,1.0473684,320,0.8040201,397,0.9974874,312,0.7858942,354,305,0.8615819,305,1,305,1,258,0.8459016,26,15,0.5769231,15,1,15,1,12,0.8,380,399,1.05,320,0.802005,399,1,301,0.754386,368,314,0.8532609,314,1,314,1,268,0.8535032,12,6,0.5,6,1,6,1,5,0.8333333
R1F,ISLE OF WIGHT NHS TRUST,407,295,0.7248157,192,0.6508475,293,0.9932203,180,0.6143345,190,136,0.7157895,89,0.6544118,135,0.9926471,88,0.6518519,178,*,*,*,*,*,*,*,*,12,*,*,*,*,*,*,*,*,217,159,0.7327189,103,0.6477987,158,0.9937107,92,0.5822785,195,*,*,*,*,*,*,*,*,22,*,*,*,*,*,*,*,*
RGP,JAMES PAGET UNIVERSITY HOSPITALS NHS FOUNDATION TRUST,640,568,0.8875,521,0.9172535,566,0.9964789,452,0.7985866,332,272,0.8192771,255,0.9375,270,0.9926471,209,0.7740741,312,244,0.7820513,244,1,244,1,194,0.795082,20,11,0.55,11,1,11,1,8,0.7272727,308,296,0.961039,266,0.8986486,296,1,243,0.8209459,291,254,0.8728522,254,1,254,1,222,0.8740157,17,12,0.7058824,12,1,12,1,10,0.8333333
RNQ,KETTERING GENERAL HOSPITAL NHS FOUNDATION TRUST,414,492,1.1884058,328,0.6666667,473,0.9613821,277,0.5856237,200,227,1.135,166,0.7312775,219,0.9647577,128,0.5844749,179,152,0.849162,152,1,151,0.9934211,99,0.6556291,21,14,0.6666667,14,1,14,1,7,0.5,214,265,1.2383178,162,0.6113208,254,0.9584906,149,0.5866142,199,151,0.758794,151,1,149,0.986755,103,0.6912752,15,11,0.7333333,11,1,11,1,9,0.8181818
ADP02,KIMS HOSPITAL (NEWNHAM COURT),596,652,1.0939597,528,0.809816,616,0.9447853,475,0.7711039,228,272,1.1929825,223,0.8198529,258,0.9485294,209,0.8100775,*,*,*,*,*,*,*,*,*,*,*,*,*,*,*,*,*,*,368,380,1.0326087,305,0.8026316,358,0.9421053,266,0.7430168,356,299,0.8398876,299,1,292,0.9765886,222,0.760274,12,6,0.5,6,1,6,1,5,0.8333333
RJZ,KING'S COLLEGE HOSPITAL NHS FOUNDATION TRUST,1345,1045,0.7769517,740,0.708134,925,0.8851675,578,0.6248649,570,426,0.7473684,320,0.7511737,380,0.8920188,255,0.6710526,535,310,0.5794393,310,1,307,0.9903226,228,0.742671,35,10,0.2857143,10,1,10,1,7,0.7,775,619,0.7987097,420,0.6785137,545,0.8804523,323,0.5926606,734,409,0.5572207,409,1,401,0.9804401,284,0.7082294,41,11,0.2682927,11,1,11,1,7,0.6363636
RAX,KINGSTON HOSPITAL NHS FOUNDATION TRUST,0,6,0,0,0,0,0,0,0,0,0,0,0,0,0,0,0,0,0,0,0,0,0,0,0,0,0,0,0,0,0,0,0,0,0,0,*,6,*,0,0,0,0,0,0,*,0,*,*,0,0,0,0,0,*,0,*,0,0,0,0,0,0
RXN,LANCASHIRE TEACHING HOSPITALS NHS FOUNDATION TRUST,468,538,1.1495726,397,0.7379182,534,0.9925651,328,0.6142322,232,261,1.125,196,0.7509579,261,1,163,0.6245211,195,169,0.8666667,169,1,169,1,123,0.7278107,37,27,0.7297297,27,1,27,1,18,0.6666667,236,277,1.1737288,201,0.7256318,273,0.9855596,165,0.6043956,213,178,0.8356808,178,1,176,0.988764,129,0.7329545,23,23,1,23,1,23,1,14,0.6086957
RR8,LEEDS TEACHING HOSPITALS NHS TRUST,994,997,1.0030181,742,0.7442327,988,0.9909729,641,0.6487854,430,439,1.0209302,332,0.7562642,433,0.9863326,286,0.6605081,372,306,0.8225806,306,1,303,0.9901961,230,0.7590759,58,26,0.4482759,26,1,26,1,14,0.5384615,564,558,0.9893617,410,0.734767,555,0.9946237,355,0.6396396,526,392,0.7452471,392,1,391,0.997449,285,0.7289003,38,18,0.4736842,18,1,18,1,13,0.7222222
RJ2,LEWISHAM AND GREENWICH NHS TRUST,517,542,1.0483559,391,0.7214022,500,0.9225092,285,0.57,204,216,1.0588235,158,0.7314815,198,0.9166667,116,0.5858586,194,149,0.7680412,149,1,143,0.9597315,94,0.6573427,10,9,0.9,9,1,9,1,4,0.4444444,313,326,1.0415335,233,0.7147239,302,0.9263804,169,0.5596026,291,220,0.7560137,220,1,219,0.9954545,136,0.6210046,22,13,0.5909091,13,1,13,1,10,0.7692308
R1K,LONDON NORTH WEST UNIVERSITY HEALTHCARE NHS TRUST,721,534,0.740638,443,0.829588,469,0.8782772,297,0.6332623,236,153,0.6483051,133,0.869281,142,0.9281046,102,0.7183099,219,124,0.56621,124,1,122,0.983871,92,0.7540984,17,9,0.5294118,9,1,9,1,7,0.7777778,485,381,0.785567,310,0.8136483,327,0.8582677,195,0.5963303,460,301,0.6543478,301,1,275,0.9136213,177,0.6436364,25,9,0.36,9,1,9,1,6,0.6666667
RC9,LUTON AND DUNSTABLE UNIVERSITY HOSPITAL NHS FOUNDATION TRUST,480,425,0.8854167,352,0.8282353,423,0.9952941,284,0.6713948,224,175,0.78125,151,0.8628571,175,1,119,0.68,211,141,0.6682464,141,1,141,1,101,0.7163121,13,10,0.7692308,10,1,10,1,8,0.8,256,250,0.9765625,201,0.804,248,0.992,165,0.6653226,*,*,*,*,*,*,*,*,*,*,*,*,*,*,*,*,*,*
RWF,MAIDSTONE AND TUNBRIDGE WELLS NHS TRUST,505,424,0.839604,284,0.6698113,369,0.870283,252,0.6829268,282,222,0.787234,155,0.6981982,194,0.8738739,135,0.6958763,237,*,*,*,*,*,*,*,*,45,*,*,*,*,*,*,*,*,223,202,0.9058296,129,0.6386139,175,0.8663366,117,0.6685714,212,*,*,*,*,*,*,*,*,11,*,*,*,*,*,*,*,*
R0A,MANCHESTER UNIVERSITY NHS FOUNDATION TRUST,1204,506,0.4202658,369,0.729249,493,0.9743083,284,0.5760649,511,216,0.4227006,162,0.75,211,0.9768519,122,0.5781991,476,*,*,*,*,*,*,*,*,35,*,*,*,*,*,*,*,*,693,290,0.4184704,207,0.7137931,282,0.9724138,162,0.5744681,660,*,*,*,*,*,*,*,0.7227723,33,*,*,*,*,*,*,0,*
RPA,MEDWAY NHS FOUNDATION TRUST,555,285,0.5135135,218,0.7649123,281,0.9859649,177,0.6298932,260,136,0.5230769,107,0.7867647,134,0.9852941,87,0.6492537,232,98,0.4224138,98,1,97,0.9897959,69,0.7113402,28,9,0.3214286,9,1,9,1,8,0.8888889,295,149,0.5050847,111,0.7449664,147,0.9865772,90,0.6122449,278,*,*,*,*,*,*,*,*,17,*,*,*,*,*,*,*,*
RBT,MID CHESHIRE HOSPITALS NHS FOUNDATION TRUST,628,578,0.9203822,507,0.8771626,551,0.9532872,446,0.8094374,276,248,0.8985507,218,0.8790323,235,0.9475806,186,0.7914894,261,209,0.8007663,209,1,208,0.9952153,172,0.8269231,15,9,0.6,9,1,9,1,7,0.7777778,352,330,0.9375,289,0.8757576,316,0.9575758,260,0.8227848,329,274,0.8328267,274,1,274,1,237,0.8649635,23,15,0.6521739,15,1,15,1,8,0.5333333
RQ8,MID ESSEX HOSPITAL SERVICES NHS TRUST,671,627,0.9344262,510,0.8133971,625,0.9968102,472,0.7552,294,281,0.9557823,226,0.8042705,281,1,214,0.7615658,278,213,0.7661871,213,1,213,1,173,0.8122066,16,13,0.8125,13,1,13,1,12,0.9230769,377,346,0.9177719,284,0.8208092,344,0.9942197,258,0.75,357,274,0.767507,274,1,274,1,220,0.8029197,20,10,0.5,10,1,10,1,7,0.7
RXF,MID YORKSHIRE HOSPITALS NHS TRUST,1155,1029,0.8909091,957,0.9300292,1022,0.9931973,788,0.7710372,447,386,0.8635347,359,0.9300518,384,0.9948187,295,0.7682292,397,328,0.8261965,328,1,328,1,257,0.7835366,50,31,0.62,31,1,31,1,28,0.9032258,708,643,0.9081921,598,0.9300156,638,0.992224,493,0.7727273,654,560,0.8562691,560,1,558,0.9964286,437,0.7831541,54,38,0.7037037,38,1,38,1,32,0.8421053
RD8,MILTON KEYNES UNIVERSITY HOSPITAL NHS FOUNDATION TRUST,437,458,1.0480549,276,0.6026201,452,0.9868996,272,0.6017699,191,197,1.0314136,120,0.6091371,193,0.9796954,114,0.5906736,174,112,0.6436782,112,1,109,0.9732143,80,0.733945,17,8,0.4705882,8,1,8,1,5,0.625,246,261,1.0609756,156,0.5977011,259,0.9923372,158,0.6100386,234,150,0.6410256,150,1,150,1,108,0.72,12,6,0.5,6,1,6,1,5,0.8333333
NVC08,MOUNT STUART HOSPITAL,445,446,1.0022472,419,0.9394619,444,0.9955157,356,0.8018018,214,215,1.0046729,205,0.9534884,215,1,172,0.8,*,*,*,*,*,*,*,*,*,*,*,*,*,*,*,*,*,*,231,231,1,214,0.9264069,229,0.991342,184,0.8034934,*,214,0.9344978,*,1,214,1,176,0.8224299,*,0,*,0,0,0,0,0,0
NVC09,NEW HALL HOSPITAL,480,473,0.9854167,429,0.9069767,472,0.9978858,405,0.8580508,227,219,0.9647577,200,0.913242,219,1,191,0.8721461,220,*,*,*,*,*,*,*,*,7,*,*,*,*,*,*,*,*,253,254,1.0039526,229,0.9015748,253,0.996063,214,0.8458498,247,*,*,*,*,*,*,*,*,6,*,*,*,*,*,*,*,*
RM1,NORFOLK AND NORWICH UNIVERSITY HOSPITALS NHS FOUNDATION TRUST,1226,1026,0.8368679,874,0.8518519,734,0.7153996,598,0.8147139,642,505,0.7866044,436,0.8633663,368,0.7287129,299,0.8125,558,379,0.6792115,379,1,296,0.7810026,252,0.8513514,84,57,0.6785714,57,1,50,0.877193,38,0.76,584,521,0.8921233,438,0.840691,366,0.7024952,299,0.8169399,547,405,0.7404022,405,1,307,0.7580247,264,0.8599349,37,33,0.8918919,33,1,31,0.9393939,27,0.8709677
RVJ,NORTH BRISTOL NHS TRUST,1418,441,0.3110014,370,0.8390023,440,0.9977324,310,0.7045455,687,243,0.3537118,214,0.8806584,242,0.9958848,178,0.7355372,581,194,0.3339071,194,1,194,1,152,0.7835052,106,20,0.1886792,20,1,20,1,18,0.9,731,198,0.2708618,156,0.7878788,198,1,132,0.6666667,624,132,0.2115385,132,1,132,1,99,0.75,107,24,0.2242991,24,1,24,1,19,0.7916667
RNL,NORTH CUMBRIA UNIVERSITY HOSPITALS NHS TRUST,575,516,0.8973913,354,0.6860465,512,0.9922481,332,0.6484375,200,201,1.005,132,0.6567164,199,0.9900498,124,0.6231156,179,119,0.6648045,119,1,119,1,87,0.7310924,21,13,0.6190476,13,1,13,1,9,0.6923077,375,315,0.84,222,0.7047619,313,0.9936508,208,0.6645367,360,214,0.5944444,214,1,214,1,164,0.7663551,15,8,0.5333333,8,1,8,1,6,0.75
NVC11,NORTH DOWNS HOSPITAL,249,247,0.9919679,188,0.7611336,244,0.9878543,194,0.795082,160,151,0.94375,128,0.8476821,150,0.9933775,118,0.7866667,145,114,0.7862069,114,1,114,1,94,0.8245614,15,14,0.9333333,14,1,14,1,10,0.7142857,89,96,1.0786517,60,0.625,94,0.9791667,76,0.8085106,*,*,*,*,*,*,*,*,*,*,*,*,*,*,*,*,*,*
NTP15,NORTH EAST LONDON TREATMENT CENTRE CARE UK,497,376,0.7565392,276,0.7340426,376,1,253,0.6728723,187,148,0.7914439,111,0.75,148,1,98,0.6621622,187,111,0.5935829,111,1,111,1,85,0.7657658,0,0,0,0,0,0,0,0,0,310,228,0.7354839,165,0.7236842,228,1,155,0.6798246,*,165,0.5339806,*,1,165,1,137,0.830303,*,0,*,0,0,0,0,0,0
RAP,NORTH MIDDLESEX UNIVERSITY HOSPITAL NHS TRUST,213,240,1.1267606,142,0.5916667,236,0.9833333,119,0.5042373,86,96,1.1162791,61,0.6354167,95,0.9895833,47,0.4947368,*,*,*,*,*,*,*,*,*,*,*,*,*,*,*,*,*,*,127,144,1.1338583,81,0.5625,141,0.9791667,72,0.5106383,*,*,*,*,*,*,*,*,0.6125,*,*,*,*,*,*,*,0,*
RVW,NORTH TEES AND HARTLEPOOL NHS FOUNDATION TRUST,769,813,1.0572172,723,0.8892989,808,0.9938499,581,0.7190594,332,343,1.0331325,308,0.8979592,340,0.9912536,242,0.7117647,300,284,0.9466667,284,1,281,0.9894366,211,0.7508897,32,24,0.75,24,1,24,1,15,0.625,437,470,1.0755149,415,0.8829787,468,0.9957447,339,0.724359,403,384,0.9528536,384,1,383,0.9973958,300,0.7832898,34,31,0.9117647,31,1,30,0.9677419,19,0.6333333
RGN,NORTH WEST ANGLIA NHS FOUNDATION TRUST,1481,1193,0.8055368,904,0.7577536,1189,0.9966471,890,0.7485282,677,555,0.8197932,444,0.8,553,0.9963964,412,0.7450271,623,429,0.6886035,429,1,428,0.997669,345,0.8060748,54,15,0.2777778,15,1,15,1,13,0.8666667,804,638,0.7935323,460,0.7210031,636,0.9968652,478,0.7515723,749,451,0.6021362,451,1,451,1,371,0.8226164,55,9,0.1636364,9,1,9,1,6,0.6666667
RV8,NORTH WEST LONDON HOSPITALS NHS TRUST,0,10,0,6,0.6,10,1,6,0.6,0,10,0,6,0.6,10,1,6,0.6,0,6,0,6,1,6,1,5,0.8333333,0,0,0,0,0,0,0,0,0,0,*,*,*,*,*,*,*,*,0,*,*,*,*,*,*,*,*,0,*,*,*,*,*,*,*,*
RNS,NORTHAMPTON GENERAL HOSPITAL NHS TRUST,523,460,0.8795411,424,0.9217391,458,0.9956522,346,0.7554585,205,178,0.8682927,165,0.9269663,177,0.994382,134,0.7570621,187,147,0.7860963,147,1,147,1,116,0.7891156,18,18,1,18,1,18,1,13,0.7222222,318,282,0.8867925,259,0.9184397,281,0.9964539,212,0.7544484,307,249,0.8110749,249,1,249,1,195,0.7831325,11,10,0.9090909,10,1,10,1,4,0.4
RBZ,NORTHERN DEVON HEALTHCARE NHS TRUST,434,292,0.6728111,122,0.4178082,279,0.9554795,161,0.5770609,260,162,0.6230769,69,0.4259259,157,0.9691358,90,0.5732484,246,*,*,*,*,*,*,*,*,14,*,*,*,*,*,*,*,*,174,130,0.7471264,53,0.4076923,122,0.9384615,71,0.5819672,*,53,0.3099415,*,1,52,0.9811321,44,0.8461538,*,0,*,0,0,0,0,0,0
RJL,NORTHERN LINCOLNSHIRE AND GOOLE NHS FOUNDATION TRUST,734,834,1.1362398,692,0.8297362,828,0.9928058,538,0.6497585,331,339,1.0241692,290,0.8554572,337,0.9941003,225,0.6676558,311,270,0.8681672,270,1,270,1,196,0.7259259,20,20,1,20,1,20,1,11,0.55,403,495,1.2282878,402,0.8121212,491,0.9919192,313,0.6374745,378,381,1.0079365,381,1,378,0.992126,266,0.7037037,25,21,0.84,21,1,21,1,11,0.5238095
RTF,NORTHUMBRIA HEALTHCARE NHS FOUNDATION TRUST,2697,1934,0.7170931,1744,0.901758,1921,0.9932782,1502,0.7818844,1327,931,0.7015825,851,0.9140709,924,0.9924812,740,0.8008658,1224,813,0.6642157,813,1,812,0.99877,675,0.8312808,103,38,0.368932,38,1,38,1,28,0.7368421,1370,1003,0.7321168,893,0.890329,997,0.9940179,762,0.7642929,1332,882,0.6621622,882,1,880,0.9977324,708,0.8045455,38,11,0.2894737,11,1,11,1,9,0.8181818
RX1,NOTTINGHAM UNIVERSITY HOSPITALS NHS TRUST,1502,1584,1.0545939,1101,0.6950758,1574,0.9936869,965,0.6130877,715,763,1.0671329,565,0.740498,757,0.9921363,480,0.6340819,646,529,0.8188854,529,1,525,0.9924386,371,0.7066667,69,36,0.5217391,36,1,36,1,30,0.8333333,787,821,1.043202,536,0.6528624,817,0.9951279,485,0.5936353,713,491,0.6886396,491,1,488,0.99389,359,0.7356557,74,45,0.6081081,45,1,45,1,25,0.5555556
NT202,"NUFFIELD HEALTH, BOURNEMOUTH HOSPITAL",75,58,0.7733333,56,0.9655172,57,0.9827586,49,0.8596491,48,33,0.6875,32,0.969697,33,1,27,0.8181818,48,32,0.6666667,32,1,32,1,26,0.8125,0,0,0,0,0,0,0,0,0,27,25,0.9259259,24,0.96,24,0.96,22,0.9166667,27,24,0.8888889,24,1,23,0.9583333,21,0.9130435,0,0,0,0,0,0,0,0,0
NT204,"NUFFIELD HEALTH, BRENTWOOD HOSPITAL",256,183,0.7148438,163,0.8907104,180,0.9836066,141,0.7833333,115,86,0.7478261,75,0.872093,85,0.9883721,65,0.7647059,*,*,*,*,*,*,*,*,*,*,*,*,*,*,*,*,*,*,141,97,0.6879433,88,0.9072165,95,0.9793814,76,0.8,*,*,*,*,*,*,*,*,*,*,*,*,*,*,*,*,*,*
NT205,"NUFFIELD HEALTH, BRIGHTON HOSPITAL",58,25,0.4310345,23,0.92,25,1,21,0.84,32,17,0.53125,16,0.9411765,17,1,13,0.7647059,32,16,0.5,16,1,16,1,12,0.75,0,0,0,0,0,0,0,0,0,26,8,0.3076923,7,0.875,8,1,8,1,*,7,0.28,*,1,7,1,7,1,*,0,*,0,0,0,0,0,0
NT206,"NUFFIELD HEALTH, BRISTOL HOSPITAL (CHESTERFIELD)",88,78,0.8863636,67,0.8589744,77,0.9871795,56,0.7272727,41,30,0.7317073,29,0.9666667,29,0.9666667,22,0.7586207,41,29,0.7073171,29,1,28,0.9655172,22,0.7857143,0,0,0,0,0,0,0,0,0,47,48,1.0212766,38,0.7916667,48,1,34,0.7083333,47,38,0.8085106,38,1,38,1,29,0.7631579,0,0,0,0,0,0,0,0,0
NT209,"NUFFIELD HEALTH, CAMBRIDGE HOSPITAL",154,277,1.7987013,267,0.9638989,277,1,213,0.7689531,76,160,2.1052632,154,0.9625,160,1,116,0.725,76,154,2.0263158,154,1,154,1,113,0.7337662,0,0,0,0,0,0,0,0,0,78,117,1.5,113,0.965812,117,1,97,0.8290598,*,*,*,*,*,*,*,*,0.8303571,*,*,*,*,*,*,*,0,*
NT211,"NUFFIELD HEALTH, CHELTENHAM HOSPITAL",41,21,0.5121951,20,0.952381,20,0.952381,15,0.75,9,*,*,*,*,*,*,*,*,9,*,*,*,*,*,*,*,*,0,0,0,0,0,0,0,0,0,32,21,0.65625,20,0.952381,20,0.952381,15,0.75,32,20,0.625,20,1,20,1,15,0.75,0,0,0,0,0,0,0,0,0
NT212,"NUFFIELD HEALTH, CHICHESTER HOSPITAL",260,102,0.3923077,89,0.872549,101,0.9901961,80,0.7920792,108,28,0.2592593,27,0.9642857,28,1,22,0.7857143,*,27,*,27,1,27,1,22,0.8148148,*,0,*,0,0,0,0,0,0,152,74,0.4868421,62,0.8378378,73,0.9864865,58,0.7945205,*,62,0.410596,*,1,62,1,52,0.8387097,*,0,*,0,0,0,0,0,0
NT213,"NUFFIELD HEALTH, DERBY HOSPITAL",782,729,0.9322251,654,0.8971193,725,0.994513,580,0.8,311,285,0.9163987,262,0.9192982,282,0.9894737,227,0.8049645,311,*,*,*,*,*,*,217,*,0,*,*,*,*,*,*,0,*,471,444,0.9426752,392,0.8828829,443,0.9977477,353,0.7968397,*,*,*,*,*,*,*,*,*,*,*,*,*,*,*,*,*,*
NT215,"NUFFIELD HEALTH, EXETER HOSPITAL",21,22,1.047619,20,0.9090909,21,0.9545455,18,0.8571429,8,6,0.75,6,1,6,1,4,0.6666667,8,6,0.75,6,1,6,1,4,0.6666667,0,0,0,0,0,0,0,0,0,13,16,1.2307692,14,0.875,15,0.9375,14,0.9333333,13,14,1.0769231,14,1,14,1,13,0.9285714,0,0,0,0,0,0,0,0,0
NT218,"NUFFIELD HEALTH, HAYWARDS HEATH HOSPITAL",125,113,0.904,99,0.8761062,111,0.9823009,89,0.8018018,83,70,0.8433735,66,0.9428571,69,0.9857143,55,0.7971014,*,*,*,*,*,*,*,*,*,*,*,*,*,*,*,*,*,*,42,43,1.0238095,33,0.7674419,42,0.9767442,34,0.8095238,*,*,*,*,*,*,*,*,*,*,*,*,*,*,*,*,*,*
NT219,"NUFFIELD HEALTH, HEREFORD HOSPITAL",200,274,1.37,261,0.9525547,272,0.9927007,228,0.8382353,88,110,1.25,104,0.9454545,109,0.9909091,94,0.8623853,88,104,1.1818182,104,1,104,1,91,0.875,0,0,0,0,0,0,0,0,0,112,164,1.4642857,157,0.9573171,163,0.9939024,134,0.8220859,*,*,*,*,*,*,*,*,*,*,*,*,*,*,*,*,*,*
NT225,"NUFFIELD HEALTH, LEEDS HOSPITAL",616,653,1.0600649,583,0.8928025,652,0.9984686,503,0.7714724,216,240,1.1111111,205,0.8541667,239,0.9958333,190,0.7949791,216,205,0.9490741,205,1,205,1,166,0.8097561,0,0,0,0,0,0,0,0,0,400,413,1.0325,378,0.9152542,413,1,313,0.7578692,390,369,0.9461538,369,1,369,1,292,0.7913279,10,9,0.9,9,1,9,1,5,0.5555556
NT226,"NUFFIELD HEALTH, LEICESTER HOSPITAL",310,288,0.9290323,267,0.9270833,288,1,219,0.7604167,113,122,1.079646,113,0.9262295,122,1,98,0.8032787,113,113,1,113,1,113,1,92,0.8141593,0,0,0,0,0,0,0,0,0,197,166,0.8426396,154,0.9277108,166,1,121,0.7289157,197,154,0.7817259,154,1,154,1,118,0.7662338,0,0,0,0,0,0,0,0,0
NT229,"NUFFIELD HEALTH, NEWCASTLE UPON TYNE HOSPITAL",106,414,3.9056604,383,0.9251208,413,0.9975845,325,0.7869249,53,212,4,199,0.9386792,211,0.995283,165,0.7819905,53,199,3.754717,199,1,199,1,157,0.7889447,0,0,0,0,0,0,0,0,0,53,202,3.8113208,184,0.9108911,202,1,160,0.7920792,*,*,*,*,*,*,*,*,*,*,*,*,*,*,*,*,*,*
NT230,"NUFFIELD HEALTH, NORTH STAFFORDSHIRE HOSPITAL",627,543,0.8660287,461,0.8489871,539,0.9926335,419,0.7773655,310,275,0.8870968,215,0.7818182,273,0.9927273,208,0.7619048,*,*,*,*,*,*,*,*,*,*,*,*,*,*,*,*,*,*,317,268,0.8454259,246,0.9179104,266,0.9925373,211,0.7932331,*,246,0.7884615,*,1,245,0.995935,197,0.8040816,*,0,*,0,0,0,0,0,0
NT233,"NUFFIELD HEALTH, PLYMOUTH HOSPITAL",282,275,0.9751773,267,0.9709091,274,0.9963636,226,0.8248175,144,138,0.9583333,135,0.9782609,137,0.9927536,110,0.8029197,*,*,*,*,*,*,*,*,*,*,*,*,*,*,*,*,*,*,138,137,0.9927536,132,0.9635036,137,1,116,0.8467153,138,132,0.9565217,132,1,132,1,113,0.8560606,0,0,0,0,0,0,0,0,0
NT235,"NUFFIELD HEALTH, SHREWSBURY HOSPITAL",203,220,1.0837438,202,0.9181818,219,0.9954545,168,0.7671233,104,102,0.9807692,97,0.9509804,102,1,86,0.8431373,104,97,0.9326923,97,1,97,1,82,0.8453608,0,0,0,0,0,0,0,0,0,99,118,1.1919192,105,0.8898305,117,0.9915254,82,0.7008547,*,*,*,*,*,*,*,*,*,*,*,*,*,*,*,*,*,*
NT238,"NUFFIELD HEALTH, TAUNTON HOSPITAL",122,157,1.2868852,156,0.9936306,157,1,139,0.8853503,65,87,1.3384615,86,0.9885057,87,1,75,0.862069,65,86,1.3230769,86,1,86,1,75,0.872093,0,0,0,0,0,0,0,0,0,57,70,1.2280702,70,1,70,1,64,0.9142857,*,*,*,*,*,*,*,*,*,*,*,*,*,*,*,*,*,*
NT237,"NUFFIELD HEALTH, TEES HOSPITAL",690,655,0.9492754,621,0.9480916,649,0.9908397,522,0.8043143,300,294,0.98,275,0.9353741,292,0.9931973,233,0.7979452,284,263,0.9260563,263,1,263,1,216,0.8212928,16,12,0.75,12,1,12,1,7,0.5833333,390,361,0.925641,346,0.9584488,357,0.9889197,289,0.8095238,375,335,0.8933333,335,1,334,0.9970149,276,0.8263473,15,11,0.7333333,11,1,11,1,4,0.3636364
NT210,"NUFFIELD HEALTH, THE GROSVENOR HOSPITAL, CHESTER",195,173,0.8871795,165,0.9537572,173,1,143,0.8265896,89,77,0.8651685,74,0.961039,77,1,65,0.8441558,*,*,*,*,*,*,*,62,*,*,*,*,*,*,*,*,0,*,106,96,0.9056604,91,0.9479167,96,1,78,0.8125,106,91,0.8584906,91,1,91,1,75,0.8241758,0,0,0,0,0,0,0,0,0
NT239,"NUFFIELD HEALTH, TUNBRIDGE WELLS HOSPITAL",55,26,0.4727273,21,0.8076923,25,0.9615385,21,0.84,15,8,0.5333333,6,0.75,7,0.875,7,1,*,6,*,6,1,6,1,6,1,*,0,*,0,0,0,0,0,0,40,18,0.45,15,0.8333333,18,1,14,0.7777778,40,15,0.375,15,1,15,1,13,0.8666667,0,0,0,0,0,0,0,0,0
NT224,"NUFFIELD HEALTH, WARWICKSHIRE HOSPITAL",217,182,0.8387097,166,0.9120879,180,0.989011,149,0.8277778,110,96,0.8727273,88,0.9166667,96,1,82,0.8541667,*,*,*,*,*,*,*,*,*,*,*,*,*,*,*,*,*,*,107,86,0.8037383,78,0.9069767,84,0.9767442,67,0.797619,*,*,*,*,*,*,*,*,*,*,*,*,*,*,*,*,*,*
NT214,"NUFFIELD HEALTH, WESSEX HOSPITAL",320,425,1.328125,362,0.8517647,423,0.9952941,340,0.8037825,162,203,1.2530864,172,0.8472906,203,1,170,0.8374384,162,172,1.0617284,172,1,172,1,148,0.8604651,0,0,0,0,0,0,0,0,0,158,222,1.4050633,190,0.8558559,220,0.990991,170,0.7727273,*,*,*,*,*,*,*,*,*,*,*,*,*,*,*,*,*,*
NT241,"NUFFIELD HEALTH, WOKING HOSPITAL",27,25,0.9259259,20,0.8,25,1,18,0.72,13,12,0.9230769,10,0.8333333,12,1,8,0.6666667,13,10,0.7692308,10,1,10,1,8,0.8,0,0,0,0,0,0,0,0,0,14,13,0.9285714,10,0.7692308,13,1,10,0.7692308,14,10,0.7142857,10,1,10,1,8,0.8,0,0,0,0,0,0,0,0,0
NT242,"NUFFIELD HEALTH, WOLVERHAMPTON HOSPITAL",309,244,0.789644,226,0.9262295,243,0.9959016,203,0.8353909,133,103,0.7744361,93,0.9029126,102,0.9902913,88,0.8627451,*,93,*,93,1,93,1,81,0.8709677,*,0,*,0,0,0,0,0,0,176,141,0.8011364,133,0.9432624,141,1,115,0.8156028,176,133,0.7556818,133,1,133,1,112,0.8421053,0,0,0,0,0,0,0,0,0
NT245,"NUFFIELD HEALTH, YORK HOSPITAL",317,292,0.9211356,278,0.9520548,291,0.9965753,250,0.8591065,161,152,0.9440994,147,0.9671053,151,0.9934211,131,0.8675497,*,*,*,*,*,*,*,*,*,*,*,*,*,*,*,*,*,*,156,140,0.8974359,131,0.9357143,140,1,119,0.85,150,*,*,*,*,*,*,*,*,6,*,*,*,*,*,*,*,*
NT244,NUFFIELD HOSPITAL OXFORD (THE MANOR),156,155,0.9935897,141,0.9096774,155,1,128,0.8258065,123,117,0.9512195,109,0.9316239,117,1,96,0.8205128,123,*,*,*,*,*,*,90,*,0,*,*,*,*,*,*,0,*,33,38,1.1515152,32,0.8421053,38,1,32,0.8421053,33,32,0.969697,32,1,32,1,27,0.84375,0,0,0,0,0,0,0,0,0
NVC12,OAKLANDS HOSPITAL,461,375,0.813449,321,0.856,373,0.9946667,251,0.6729223,176,146,0.8295455,122,0.8356164,144,0.9863014,101,0.7013889,*,*,*,*,*,*,*,*,*,*,*,*,*,*,*,*,*,*,285,229,0.8035088,199,0.8689956,229,1,150,0.6550218,279,*,*,*,*,*,*,*,0.6717172,6,*,*,*,*,*,*,0,*
NVC13,OAKS HOSPITAL,249,409,1.6425703,199,0.4865526,405,0.99022,272,0.6716049,129,212,1.6434109,108,0.509434,210,0.990566,145,0.6904762,129,108,0.8372093,108,1,108,1,88,0.8148148,0,0,0,0,0,0,0,0,0,120,197,1.6416667,91,0.4619289,195,0.9898477,127,0.6512821,120,91,0.7583333,91,1,91,1,78,0.8571429,0,0,0,0,0,0,0,0,0
NTX12,ONE HEALTH GROUP CLINIC - CLAREMONT,44,80,1.8181818,22,0.275,79,0.9875,56,0.7088608,17,23,1.3529412,7,0.3043478,23,1,17,0.7391304,*,7,*,7,1,7,1,6,0.8571429,*,0,*,0,0,0,0,0,0,27,57,2.1111111,15,0.2631579,56,0.9824561,39,0.6964286,*,*,*,*,*,*,*,*,*,*,*,*,*,*,*,*,*,*
NTX11,ONE HEALTH GROUP CLINIC - THORNBURY,141,219,1.5531915,85,0.3881279,215,0.9817352,145,0.6744186,61,97,1.5901639,41,0.4226804,94,0.9690722,68,0.7234043,61,41,0.6721311,41,1,41,1,33,0.804878,0,0,0,0,0,0,0,0,0,80,122,1.525,44,0.3606557,121,0.9918033,77,0.6363636,*,44,0.5714286,*,1,44,1,33,0.75,*,0,*,0,0,0,0,0,0
NTX01,ONE HEALTH GROUP LTD,33,0,0,0,0,0,0,0,0,14,0,0,0,0,0,0,0,0,14,0,0,0,0,0,0,0,0,0,0,0,0,0,0,0,0,0,19,0,0,0,0,0,0,0,0,19,0,0,0,0,0,0,0,0,0,0,0,0,0,0,0,0,0
AVQ,ONE HEALTHCARE,151,237,1.5695364,0,0,233,0.9831224,142,0.6094421,59,96,1.6271186,0,0,94,0.9791667,58,0.6170213,*,0,*,0,0,0,0,0,0,*,0,*,0,0,0,0,0,0,92,141,1.5326087,0,0,139,0.9858156,84,0.6043165,*,0,0,*,0,0,0,0,0,*,0,*,0,0,0,0,0,0
NQM01,ORTHOPAEDICS & SPINE SPECIALIST HOSPITAL SITE,29,53,1.8275862,30,0.5660377,53,1,48,0.9056604,17,28,1.6470588,18,0.6428571,28,1,25,0.8928571,*,*,*,*,*,*,*,*,*,*,*,*,*,*,*,*,*,*,12,25,2.0833333,12,0.48,25,1,23,0.92,12,12,1,12,1,12,1,10,0.8333333,0,0,0,0,0,0,0,0,0
RTH,OXFORD UNIVERSITY HOSPITALS NHS FOUNDATION TRUST,1827,2097,1.1477833,1631,0.7777778,2069,0.9866476,1373,0.6636056,849,931,1.0965842,748,0.8034372,914,0.9817401,618,0.6761488,695,648,0.9323741,648,1,644,0.9938272,488,0.757764,154,100,0.6493506,100,1,99,0.99,67,0.6767677,978,1166,1.192229,883,0.7572899,1155,0.990566,755,0.6536797,838,781,0.9319809,781,1,779,0.9974392,593,0.7612323,140,102,0.7285714,102,1,102,1,73,0.7156863
NVC14,PARK HILL HOSPITAL,138,360,2.6086957,307,0.8527778,358,0.9944444,269,0.7513966,65,176,2.7076923,149,0.8465909,176,1,131,0.7443182,65,*,*,*,*,*,*,*,*,0,*,*,*,*,*,*,*,*,73,184,2.5205479,158,0.8586957,182,0.9891304,138,0.7582418,73,*,*,*,*,*,*,*,*,0,*,*,*,*,*,*,*,*
NTPH5,PENINSULA NHS TREATMENT CENTRE,961,969,1.0083247,707,0.7296182,954,0.9845201,765,0.8018868,457,437,0.9562363,321,0.7345538,433,0.9908467,358,0.8267898,432,304,0.7037037,304,1,304,1,260,0.8552632,25,17,0.68,17,1,17,1,15,0.8823529,504,532,1.0555556,386,0.7255639,521,0.9793233,407,0.78119,486,376,0.7736626,376,1,376,1,296,0.787234,18,10,0.5555556,10,1,10,1,8,0.8
RW6,PENNINE ACUTE HOSPITALS NHS TRUST,1232,404,0.3279221,323,0.799505,397,0.9826733,249,0.627204,518,170,0.3281853,142,0.8352941,168,0.9882353,108,0.6428571,444,127,0.286036,127,1,126,0.992126,88,0.6984127,74,15,0.2027027,15,1,15,1,10,0.6666667,714,234,0.3277311,181,0.7735043,229,0.9786325,141,0.6157205,653,175,0.2679939,175,1,175,1,126,0.72,61,6,0.0983607,6,1,6,1,3,0.5
NVC15,PINEHILL HOSPITAL,327,290,0.8868502,274,0.9448276,289,0.9965517,235,0.8131488,174,150,0.862069,143,0.9533333,150,1,131,0.8733333,167,137,0.8203593,137,1,137,1,122,0.8905109,7,6,0.8571429,6,1,6,1,5,0.8333333,153,140,0.9150327,131,0.9357143,139,0.9928571,104,0.7482014,*,*,*,*,*,*,*,*,*,*,*,*,*,*,*,*,*,*
RD3,POOLE HOSPITAL NHS FOUNDATION TRUST,7,0,0,0,0,0,0,0,0,7,0,0,0,0,0,0,0,0,*,0,*,0,0,0,0,0,0,*,0,*,0,0,0,0,0,0,*,0,*,0,0,0,0,0,0,*,0,*,*,0,0,0,0,0,*,0,*,0,0,0,0,0,0
RHU,PORTSMOUTH HOSPITALS NHS TRUST,1305,765,0.5862069,518,0.6771242,760,0.9934641,543,0.7144737,637,424,0.6656201,293,0.6910377,423,0.9976415,295,0.6973995,604,*,*,*,*,*,*,*,*,33,*,*,*,*,*,*,*,*,668,341,0.510479,225,0.659824,337,0.9882698,248,0.735905,620,*,*,*,*,*,*,*,*,48,*,*,*,*,*,*,*,*
NVC16,RENACRES HOSPITAL,341,307,0.9002933,280,0.9120521,306,0.9967427,232,0.7581699,158,133,0.8417722,122,0.9172932,132,0.9924812,101,0.7651515,*,*,*,*,*,*,*,*,*,*,*,*,*,*,*,*,*,*,183,174,0.9508197,158,0.908046,174,1,131,0.7528736,*,*,*,*,*,*,*,*,*,*,*,*,*,*,*,*,*,*
NVC19,RIVERS HOSPITAL,379,304,0.8021108,285,0.9375,301,0.9901316,256,0.8504983,198,169,0.8535354,160,0.9467456,167,0.9881657,143,0.8562874,*,160,*,160,1,159,0.99375,139,0.8742138,*,0,*,0,0,0,0,0,0,181,135,0.7458564,125,0.9259259,134,0.9925926,113,0.8432836,*,*,*,*,*,*,*,*,*,*,*,*,*,*,*,*,*,*
NVC17,ROWLEY HALL HOSPITAL,340,256,0.7529412,241,0.9414063,256,1,207,0.8085938,169,120,0.7100592,117,0.975,120,1,97,0.8083333,*,*,*,*,*,*,*,*,*,*,*,*,*,*,*,*,*,*,171,136,0.7953216,124,0.9117647,136,1,110,0.8088235,*,124,0.742515,*,1,124,1,104,0.8387097,*,0,*,0,0,0,0,0,0
RHW,ROYAL BERKSHIRE NHS FOUNDATION TRUST,873,523,0.5990836,387,0.7399618,232,0.4435946,232,1,416,273,0.65625,196,0.7179487,113,0.4139194,113,1,383,184,0.4804178,184,1,89,0.4836957,89,1,33,12,0.3636364,12,1,4,0.3333333,4,1,457,250,0.547046,191,0.764,119,0.476,119,1,428,181,0.4228972,181,1,92,0.5082873,92,1,29,10,0.3448276,10,1,5,0.5,5,1
REF,ROYAL CORNWALL HOSPITALS NHS TRUST,861,1025,1.1904762,487,0.475122,1018,0.9931707,538,0.5284872,463,525,1.1339093,261,0.4971429,522,0.9942857,275,0.5268199,409,235,0.5745721,235,1,233,0.9914894,181,0.776824,54,26,0.4814815,26,1,26,1,18,0.6923077,398,500,1.2562814,226,0.452,496,0.992,263,0.5302419,369,215,0.5826558,215,1,213,0.9906977,164,0.7699531,29,11,0.3793103,11,1,11,1,9,0.8181818
RH8,ROYAL DEVON AND EXETER NHS FOUNDATION TRUST,1339,979,0.7311426,793,0.8100102,974,0.9948927,739,0.7587269,684,577,0.8435673,464,0.8041594,574,0.9948007,423,0.7369338,625,433,0.6928,433,1,431,0.9953811,348,0.8074246,59,31,0.5254237,31,1,31,1,21,0.6774194,655,402,0.6137405,329,0.818408,400,0.9950249,316,0.79,576,304,0.5277778,304,1,304,1,263,0.8651316,79,25,0.3164557,25,1,25,1,22,0.88
RAL,ROYAL FREE LONDON NHS FOUNDATION TRUST,917,734,0.8004362,514,0.7002725,676,0.9209809,399,0.5902367,372,292,0.7849462,209,0.7157534,265,0.9075342,168,0.6339623,352,198,0.5625,198,1,187,0.9444444,132,0.7058824,20,11,0.55,11,1,11,1,6,0.5454545,545,442,0.8110092,305,0.6900452,411,0.9298643,231,0.5620438,517,295,0.5705996,295,1,289,0.979661,193,0.6678201,28,10,0.3571429,10,1,9,0.9,6,0.6666667
RQ6,ROYAL LIVERPOOL AND BROADGREEN UNIVERSITY HOSPITALS NHS TRUST,619,727,1.174475,279,0.3837689,719,0.9889959,333,0.4631433,280,354,1.2642857,106,0.299435,351,0.9915254,153,0.4358974,247,96,0.388664,96,1,96,1,60,0.625,33,10,0.3030303,10,1,10,1,7,0.7,339,373,1.100295,173,0.463807,368,0.9865952,180,0.4891304,306,163,0.5326797,163,1,160,0.9815951,101,0.63125,33,10,0.3030303,10,1,10,1,7,0.7
RAN,ROYAL NATIONAL ORTHOPAEDIC HOSPITAL NHS TRUST,972,679,0.6985597,437,0.6435935,607,0.8939617,342,0.5634267,439,313,0.7129841,219,0.6996805,272,0.8690096,162,0.5955882,298,135,0.4530201,135,1,129,0.9555556,89,0.6899225,141,84,0.5957447,84,1,79,0.9404762,52,0.6582278,533,366,0.6866792,218,0.5956284,335,0.9153005,180,0.5373134,382,142,0.3717277,142,1,137,0.9647887,93,0.6788321,151,76,0.5033113,76,1,75,0.9868421,45,0.6
RA2,ROYAL SURREY COUNTY HOSPITAL NHS FOUNDATION TRUST,663,631,0.9517345,510,0.8082409,629,0.9968304,443,0.7042925,334,311,0.9311377,252,0.8102894,310,0.9967846,218,0.7032258,321,244,0.7601246,244,1,243,0.9959016,188,0.7736626,13,8,0.6153846,8,1,8,1,7,0.875,329,320,0.9726444,258,0.80625,319,0.996875,225,0.7053292,317,*,*,*,*,*,*,*,*,12,*,*,*,*,*,*,*,*
RD1,ROYAL UNITED HOSPITALS BATH NHS FOUNDATION TRUST,539,671,1.244898,382,0.5692996,666,0.9925484,367,0.5510511,278,282,1.0143885,184,0.6524823,282,1,157,0.5567376,226,153,0.6769912,153,1,153,1,101,0.6601307,52,31,0.5961538,31,1,31,1,22,0.7096774,261,389,1.4904215,198,0.5089974,384,0.9871465,210,0.546875,241,188,0.780083,188,1,186,0.9893617,119,0.6397849,20,10,0.5,10,1,10,1,7,0.7
8G301,RYALLS ANN (COUNSELLOR),0,0,0,0,0,0,0,0,0,*,0,*,0,0,0,0,0,0,*,0,*,0,0,0,0,0,0,0,0,0,0,0,0,0,0,0,*,0,*,0,0,0,0,0,0,*,0,*,0,0,0,0,0,0,0,0,0,0,0,0,0,0,0
RM3,SALFORD ROYAL NHS FOUNDATION TRUST,478,201,0.4205021,120,0.5970149,200,0.9950249,114,0.57,232,88,0.3793103,55,0.625,87,0.9886364,53,0.6091954,220,*,*,*,*,*,*,*,*,12,*,*,*,*,*,*,*,*,246,113,0.4593496,65,0.5752212,113,1,61,0.539823,221,50,0.2262443,50,1,50,1,36,0.72,25,15,0.6,15,1,15,1,8,0.5333333
RNZ,SALISBURY NHS FOUNDATION TRUST,505,593,1.1742574,395,0.6661046,592,0.9983137,382,0.6452703,255,292,1.145098,202,0.6917808,291,0.9965753,188,0.6460481,233,190,0.8154506,190,1,190,1,143,0.7526316,22,12,0.5454545,12,1,11,0.9166667,10,0.9090909,250,301,1.204,193,0.641196,301,1,194,0.6445183,239,185,0.7740586,185,1,185,1,146,0.7891892,11,8,0.7272727,8,1,8,1,8,1
RXK,SANDWELL AND WEST BIRMINGHAM HOSPITALS NHS TRUST,509,428,0.8408644,394,0.9205607,427,0.9976636,307,0.7189696,191,166,0.8691099,156,0.939759,165,0.9939759,121,0.7333333,*,*,*,*,*,*,*,*,*,*,*,*,*,*,*,*,*,*,318,262,0.8238994,238,0.9083969,262,1,186,0.7099237,*,*,*,*,*,*,*,*,*,*,*,*,*,*,*,*,*,*
RHQ,SHEFFIELD TEACHING HOSPITALS NHS FOUNDATION TRUST,2114,1158,0.5477767,910,0.7858377,1156,0.9982729,777,0.6721453,966,528,0.5465839,424,0.8030303,526,0.9962121,349,0.6634981,853,385,0.4513482,385,1,385,1,293,0.761039,113,39,0.3451327,39,1,39,1,24,0.6153846,1148,630,0.5487805,486,0.7714286,630,1,428,0.6793651,1040,436,0.4192308,436,1,436,1,335,0.7683486,108,50,0.462963,50,1,50,1,43,0.86
NTPH1,SHEPTON MALLET NHS TREATMENT CENTRE,926,304,0.3282937,263,0.8651316,292,0.9605263,242,0.8287671,489,166,0.3394683,147,0.8855422,158,0.9518072,133,0.8417722,465,*,*,*,*,*,*,*,*,24,*,*,*,*,*,*,*,*,437,138,0.3157895,116,0.8405797,134,0.9710145,109,0.8134328,423,*,*,*,*,*,*,*,*,14,*,*,*,*,*,*,*,*
RK5,SHERWOOD FOREST HOSPITALS NHS FOUNDATION TRUST,658,717,1.0896657,373,0.5202232,712,0.9930265,402,0.5646067,295,326,1.1050847,188,0.5766871,323,0.9907975,180,0.5572755,277,181,0.6534296,181,1,180,0.9944751,132,0.7333333,18,7,0.3888889,7,1,7,1,6,0.8571429,363,391,1.077135,185,0.4731458,389,0.9948849,222,0.5706941,347,*,*,*,*,*,*,*,*,16,*,*,*,*,*,*,*,*
RXW,SHREWSBURY AND TELFORD HOSPITAL NHS TRUST,450,464,1.0311111,390,0.8405172,463,0.9978448,333,0.7192225,227,242,1.0660793,199,0.822314,241,0.9958678,174,0.7219917,215,*,*,*,*,*,*,*,*,12,*,*,*,*,*,*,*,*,223,222,0.9955157,191,0.8603604,222,1,159,0.7162162,209,181,0.8660287,181,1,181,1,135,0.7458564,14,10,0.7142857,10,1,10,1,8,0.8
NFH01,SOMERSET SURGICAL SERVICES,61,0,0,0,0,0,0,0,0,31,0,0,0,0,0,0,0,0,24,0,0,0,0,0,0,0,0,7,0,0,0,0,0,0,0,0,30,0,0,0,0,0,0,0,0,*,0,0,*,0,0,0,0,0,*,0,*,0,0,0,0,0,0
RTR,SOUTH TEES HOSPITALS NHS FOUNDATION TRUST,1545,1786,1.1559871,1336,0.7480403,1755,0.9826428,1184,0.6746439,676,783,1.158284,603,0.7701149,770,0.9833972,510,0.6623377,616,559,0.9074675,559,1,549,0.9821109,412,0.7504554,60,44,0.7333333,44,1,42,0.9545455,30,0.7142857,869,1003,1.1542002,733,0.7308076,985,0.9820538,674,0.684264,810,698,0.8617284,698,1,682,0.9770774,542,0.7947214,59,35,0.5932203,35,1,33,0.9428571,21,0.6363636
RE9,SOUTH TYNESIDE NHS FOUNDATION TRUST,183,240,1.3114754,84,0.35,237,0.9875,120,0.5063291,75,99,1.32,43,0.4343434,98,0.989899,47,0.4795918,*,*,*,*,*,*,*,28,*,*,*,*,*,*,*,*,0,*,108,141,1.3055556,41,0.2907801,139,0.9858156,73,0.5251799,101,*,*,*,*,*,*,*,*,7,*,*,*,*,*,*,*,*
RJC,SOUTH WARWICKSHIRE NHS FOUNDATION TRUST,890,880,0.988764,727,0.8261364,879,0.9988636,639,0.7269625,367,357,0.972752,296,0.8291317,357,1,266,0.745098,336,279,0.8303571,279,1,279,1,229,0.8207885,31,17,0.5483871,17,1,17,1,13,0.7647059,523,523,1,431,0.8240918,522,0.998088,373,0.7145594,485,409,0.843299,409,1,409,1,315,0.7701711,38,22,0.5789474,22,1,22,1,18,0.8181818
NTP11,SOUTHAMPTON NHS TREATMENT CENTRE,447,445,0.9955257,339,0.7617978,439,0.9865169,304,0.6924829,192,192,1,154,0.8020833,189,0.984375,136,0.7195767,186,*,*,*,*,*,*,*,*,6,*,*,*,*,*,*,*,*,255,253,0.9921569,185,0.7312253,250,0.9881423,168,0.672,242,179,0.7396694,179,1,179,1,138,0.7709497,13,6,0.4615385,6,1,6,1,4,0.6666667
RAJ,SOUTHEND UNIVERSITY HOSPITAL NHS FOUNDATION TRUST,655,492,0.751145,178,0.3617886,473,0.9613821,306,0.6469345,302,216,0.7152318,92,0.4259259,207,0.9583333,140,0.6763285,270,*,*,*,*,*,*,*,*,32,*,*,*,*,*,*,*,*,353,276,0.7818697,86,0.3115942,266,0.9637681,166,0.6240602,336,*,*,*,*,*,*,*,*,17,*,*,*,*,*,*,*,*
RVY,SOUTHPORT AND ORMSKIRK HOSPITAL NHS TRUST,237,276,1.164557,178,0.6449275,273,0.9891304,166,0.6080586,99,124,1.2525253,83,0.6693548,123,0.9919355,73,0.5934959,99,83,0.8383838,83,1,83,1,63,0.7590361,0,0,0,0,0,0,0,0,0,138,152,1.1014493,95,0.625,150,0.9868421,93,0.62,*,*,*,*,*,*,*,*,*,*,*,*,*,*,*,*,*,*
NT312,SPIRE ALEXANDRA HOSPITAL,291,210,0.7216495,188,0.8952381,85,0.4047619,85,1,97,67,0.6907216,62,0.9253731,26,0.3880597,26,1,*,62,*,62,1,24,0.3870968,24,1,*,0,*,0,0,0,0,0,0,194,143,0.7371134,126,0.8811189,59,0.4125874,59,1,*,126,0.6528497,*,1,55,0.4365079,55,1,*,0,*,0,0,0,0,0,0
NT302,SPIRE BRISTOL HOSPITAL,469,154,0.3283582,1,0.0064935,92,0.5974026,92,1,214,77,0.3598131,0,0,46,0.5974026,46,1,*,0,*,0,0,0,0,0,0,*,0,*,0,0,0,0,0,0,255,77,0.3019608,1,0.012987,46,0.5974026,46,1,255,*,*,*,*,*,*,*,*,0,0,0,0,0,0,0,0,0
NT315,SPIRE BUSHEY HOSPITAL,97,148,1.5257732,3,0.0202703,76,0.5135135,76,1,49,64,1.3061224,0,0,35,0.546875,35,1,49,0,0,0,0,0,0,0,0,0,0,0,0,0,0,0,0,0,48,84,1.75,3,0.0357143,41,0.4880952,41,1,48,*,*,*,*,*,*,*,*,0,0,0,0,0,0,0,0,0
NT317,SPIRE CAMBRIDGE LEA HOSPITAL,311,169,0.5434084,2,0.0118343,93,0.5502959,93,1,154,83,0.538961,1,0.0120482,48,0.5783133,48,1,154,*,*,*,*,*,*,*,*,0,0,0,0,0,0,0,0,0,157,86,0.5477707,1,0.0116279,45,0.5232558,45,1,*,*,*,*,*,*,*,*,*,*,0,*,0,0,0,0,0,0
NT324,SPIRE CHESHIRE HOSPITAL,337,133,0.3946588,109,0.8195489,85,0.6390977,85,1,171,60,0.3508772,51,0.85,41,0.6833333,41,1,*,*,*,*,*,36,*,36,*,*,*,*,*,*,0,*,0,*,166,73,0.439759,58,0.7945205,44,0.6027397,44,1,*,*,*,*,*,*,*,*,*,*,*,*,*,*,*,*,*,*
NT345,SPIRE CLARE PARK HOSPITAL,147,70,0.4761905,0,0,49,0.7,49,1,83,41,0.4939759,0,0,30,0.7317073,30,1,*,0,*,0,0,0,0,0,0,*,0,*,0,0,0,0,0,0,64,29,0.453125,0,0,19,0.6551724,19,1,*,0,0,*,0,0,0,0,0,*,0,*,0,0,0,0,0,0
NT344,SPIRE DUNEDIN HOSPITAL,110,63,0.5727273,57,0.9047619,25,0.3968254,25,1,46,24,0.5217391,24,1,11,0.4583333,11,1,46,24,0.5217391,24,1,11,0.4583333,11,1,0,0,0,0,0,0,0,0,0,64,39,0.609375,33,0.8461538,14,0.3589744,14,1,*,*,*,*,*,*,0.4375,*,1,*,*,*,*,*,0,*,0,*
NT348,SPIRE ELLAND HOSPITAL,482,212,0.439834,194,0.9150943,81,0.3820755,81,1,194,90,0.4639175,85,0.9444444,39,0.4333333,39,1,194,85,0.4381443,85,1,38,0.4470588,38,1,0,0,0,0,0,0,0,0,0,288,122,0.4236111,109,0.8934426,42,0.3442623,42,1,282,109,0.3865248,109,1,37,0.3394495,37,1,6,0,0,0,0,0,0,0,0
NT347,SPIRE FYLDE COAST HOSPITAL,291,60,0.2061856,33,0.55,21,0.35,21,1,131,33,0.2519084,15,0.4545455,10,0.3030303,10,1,131,15,0.1145038,15,1,7,0.4666667,7,1,0,0,0,0,0,0,0,0,0,160,27,0.16875,18,0.6666667,11,0.4074074,11,1,*,18,0.1139241,*,1,6,0.3333333,6,1,*,0,*,0,0,0,0,0,0
NT308,SPIRE GATWICK PARK HOSPITAL,93,197,2.1182796,6,0.0304569,93,0.4720812,93,1,68,128,1.8823529,4,0.03125,65,0.5078125,65,1,*,*,*,*,*,*,*,*,*,*,*,*,*,*,*,*,*,*,25,69,2.76,2,0.0289855,28,0.4057971,28,1,*,*,*,*,*,*,*,*,*,*,0,*,0,0,0,0,0,0
NT316,SPIRE HARPENDEN HOSPITAL,297,120,0.4040404,92,0.7666667,45,0.375,45,1,138,57,0.4130435,45,0.7894737,22,0.3859649,22,1,*,45,*,45,1,18,0.4,18,1,*,0,*,0,0,0,0,0,0,159,63,0.3962264,47,0.7460317,23,0.3650794,23,1,*,47,0.3012821,*,1,20,0.4255319,20,1,*,0,*,0,0,0,0,0,0
NT319,SPIRE HARTSWOOD HOSPITAL,105,61,0.5809524,0,0,25,0.4098361,25,1,41,25,0.6097561,0,0,12,0.48,12,1,41,0,0,0,0,0,0,0,0,0,0,0,0,0,0,0,0,0,64,36,0.5625,0,0,13,0.3611111,13,1,64,0,0,0,0,0,0,0,0,0,0,0,0,0,0,0,0,0
NT351,SPIRE HULL AND EAST RIDING HOSPITAL,969,412,0.4251806,373,0.9053398,139,0.3373786,139,1,497,208,0.4185111,189,0.9086538,83,0.3990385,83,1,*,189,*,189,1,79,0.4179894,79,1,*,0,*,0,0,0,0,0,0,472,204,0.4322034,184,0.9019608,56,0.2745098,56,1,464,*,*,*,*,*,0.2896175,*,1,8,*,*,*,*,0,*,0,*
NT332,SPIRE LEEDS HOSPITAL,459,155,0.3376906,56,0.3612903,40,0.2580645,40,1,209,63,0.3014354,20,0.3174603,15,0.2380952,15,1,209,20,0.0956938,20,1,11,0.55,11,1,0,0,0,0,0,0,0,0,0,250,92,0.368,36,0.3913043,25,0.2717391,25,1,*,36,0.145749,*,1,17,0.4722222,17,1,*,0,*,0,0,0,0,0,0
NT322,SPIRE LEICESTER HOSPITAL,473,334,0.7061311,296,0.8862275,92,0.2754491,92,1,214,143,0.6682243,128,0.8951049,41,0.2867133,41,1,*,*,*,*,*,*,*,*,*,*,*,*,*,*,*,*,*,*,259,191,0.7374517,168,0.8795812,51,0.2670157,51,1,*,168,0.6511628,*,1,49,0.2916667,49,1,*,0,*,0,0,0,0,0,0
NT321,SPIRE LITTLE ASTON HOSPITAL,464,255,0.549569,72,0.2823529,77,0.3019608,77,1,218,121,0.5550459,32,0.2644628,37,0.3057851,37,1,*,32,*,32,1,7,0.21875,7,1,*,0,*,0,0,0,0,0,0,246,134,0.5447154,40,0.2985075,40,0.2985075,40,1,*,40,0.1632653,*,1,10,0.25,10,1,*,0,*,0,0,0,0,0,0
NT337,SPIRE LIVERPOOL HOSPITAL,441,246,0.5578231,228,0.9268293,54,0.2195122,54,1,171,95,0.5555556,86,0.9052632,25,0.2631579,25,1,*,86,*,86,1,24,0.2790698,24,1,*,0,*,0,0,0,0,0,0,270,151,0.5592593,142,0.9403974,29,0.192053,29,1,*,142,0.5358491,*,1,27,0.1901408,27,1,*,0,*,0,0,0,0,0,0
NT314,SPIRE LONDON EAST,177,137,0.7740113,118,0.8613139,29,0.2116788,29,1,41,27,0.6585366,20,0.7407407,6,0.2222222,6,1,*,20,*,20,1,4,0.2,4,1,*,0,*,0,0,0,0,0,0,136,110,0.8088235,98,0.8909091,23,0.2090909,23,1,136,98,0.7205882,98,1,22,0.2244898,22,1,0,0,0,0,0,0,0,0,0
NT327,SPIRE MANCHESTER HOSPITAL,121,83,0.6859504,40,0.4819277,27,0.3253012,27,1,60,42,0.7,21,0.5,15,0.3571429,15,1,60,21,0.35,21,1,8,0.3809524,8,1,0,0,0,0,0,0,0,0,0,61,41,0.6721311,19,0.4634146,12,0.2926829,12,1,*,*,*,*,*,*,0.3888889,*,1,*,*,*,*,*,0,*,0,*
NT350,SPIRE METHLEY PARK HOSPITAL,448,224,0.5,0,0,96,0.4285714,96,1,144,73,0.5069444,0,0,36,0.4931507,36,1,144,0,0,0,0,0,0,0,0,0,0,0,0,0,0,0,0,0,304,151,0.4967105,0,0,60,0.397351,60,1,*,0,0,*,0,0,0,0,0,*,0,*,0,0,0,0,0,0
NT364,SPIRE MONTEFIORE HOSPITAL,72,199,2.7638889,32,0.160804,120,0.6030151,120,1,26,93,3.5769231,8,0.0860215,58,0.6236559,58,1,*,8,*,8,1,5,0.625,5,1,*,0,*,0,0,0,0,0,0,46,106,2.3043478,24,0.2264151,62,0.5849057,62,1,46,24,0.5217391,24,1,14,0.5833333,14,1,0,0,0,0,0,0,0,0,0
NT325,SPIRE MURRAYFIELD HOSPITAL,238,100,0.4201681,51,0.51,27,0.27,27,1,93,40,0.4301075,24,0.6,13,0.325,13,1,93,24,0.2580645,24,1,10,0.4166667,10,1,0,0,0,0,0,0,0,0,0,145,60,0.4137931,27,0.45,14,0.2333333,14,1,*,27,0.1901408,*,1,3,0.1111111,3,1,*,0,*,0,0,0,0,0,0
NT318,SPIRE NORWICH HOSPITAL,664,578,0.8704819,0,0,309,0.5346021,309,1,318,278,0.8742138,0,0,159,0.5719424,159,1,*,0,*,0,0,0,0,0,0,*,0,*,0,0,0,0,0,0,346,300,0.867052,0,0,150,0.5,150,1,*,0,0,*,0,0,0,0,0,*,0,*,0,0,0,0,0,0
NT30A,SPIRE NOTTINGHAM HOSPITAL,0,0,0,0,0,0,0,0,0,0,*,*,*,*,0,*,0,*,0,*,*,*,*,0,*,0,*,0,0,0,0,0,0,0,0,0,*,0,*,0,0,0,0,0,0,*,0,*,0,0,0,0,0,0,0,0,0,0,0,0,0,0,0
NT320,SPIRE PARKWAY HOSPITAL,442,216,0.4886878,191,0.8842593,63,0.2916667,63,1,202,106,0.5247525,98,0.9245283,28,0.2641509,28,1,*,98,*,98,1,27,0.2755102,27,1,*,0,*,0,0,0,0,0,0,240,110,0.4583333,93,0.8454545,35,0.3181818,35,1,240,*,*,*,*,*,0.3478261,*,1,0,*,*,*,*,0,*,0,*
NT305,SPIRE PORTSMOUTH HOSPITAL,473,355,0.7505285,92,0.2591549,195,0.5492958,195,1,241,178,0.7385892,48,0.2696629,98,0.5505618,98,1,241,48,0.1991701,48,1,30,0.625,30,1,0,0,0,0,0,0,0,0,0,232,177,0.762931,44,0.2485876,97,0.5480226,97,1,*,44,0.1913043,*,1,23,0.5227273,23,1,*,0,*,0,0,0,0,0,0
NT339,SPIRE REGENCY HOSPITAL,260,133,0.5115385,121,0.9097744,48,0.3609023,48,1,110,57,0.5181818,52,0.9122807,23,0.4035088,23,1,110,52,0.4727273,52,1,19,0.3653846,19,1,0,0,0,0,0,0,0,0,0,150,76,0.5066667,69,0.9078947,25,0.3289474,25,1,150,69,0.46,69,1,24,0.3478261,24,1,0,0,0,0,0,0,0,0,0
NT301,SPIRE SOUTH BANK HOSPITAL,287,131,0.456446,92,0.7022901,50,0.3816794,50,1,150,70,0.4666667,50,0.7142857,25,0.3571429,25,1,*,50,*,50,1,20,0.4,20,1,*,0,*,0,0,0,0,0,0,137,61,0.4452555,42,0.6885246,25,0.4098361,25,1,*,42,0.3111111,*,1,22,0.5238095,22,1,*,0,*,0,0,0,0,0,0
NT304,SPIRE SOUTHAMPTON HOSPITAL,486,292,0.600823,281,0.9623288,146,0.5,146,1,210,148,0.7047619,144,0.972973,77,0.5202703,77,1,210,144,0.6857143,144,1,75,0.5208333,75,1,0,0,0,0,0,0,0,0,0,276,144,0.5217391,137,0.9513889,69,0.4791667,69,1,*,*,*,*,*,*,0.4926471,*,1,*,*,*,*,*,0,*,0,*
NT3X3,SPIRE ST ANTHONY'S HOSPITAL,13,0,0,0,0,0,0,0,0,7,*,*,0,*,*,*,*,*,7,0,0,0,0,0,0,0,0,0,0,0,0,0,0,0,0,0,6,*,*,0,*,*,*,*,*,6,0,0,0,0,0,0,0,0,0,0,0,0,0,0,0,0,0
NT309,SPIRE SUSSEX HOSPITAL,265,105,0.3962264,95,0.9047619,48,0.4571429,48,1,136,56,0.4117647,53,0.9464286,29,0.5178571,29,1,*,53,*,53,1,26,0.490566,26,1,*,0,*,0,0,0,0,0,0,129,49,0.379845,42,0.8571429,19,0.3877551,19,1,129,42,0.3255814,42,1,17,0.4047619,17,1,0,0,0,0,0,0,0,0,0
NT343,SPIRE THAMES VALLEY HOSPITAL,50,19,0.38,12,0.6315789,9,0.4736842,9,1,24,12,0.5,7,0.5833333,5,0.4166667,5,1,24,7,0.2916667,7,1,3,0.4285714,3,1,0,0,0,0,0,0,0,0,0,26,7,0.2692308,5,0.7142857,4,0.5714286,4,1,26,*,*,*,*,*,*,*,*,0,0,0,0,0,0,0,0,0
NT310,SPIRE TUNBRIDGE WELLS HOSPITAL,77,37,0.4805195,32,0.8648649,11,0.2972973,11,1,34,19,0.5588235,18,0.9473684,8,0.4210526,8,1,*,*,*,*,*,7,*,7,*,*,*,*,*,*,0,*,0,*,43,18,0.4186047,14,0.7777778,3,0.1666667,3,1,*,*,*,*,*,*,0.2307692,*,1,*,*,*,*,*,0,*,0,*
NT333,SPIRE WASHINGTON HOSPITAL,487,293,0.6016427,241,0.8225256,123,0.4197952,123,1,193,121,0.626943,100,0.8264463,54,0.446281,54,1,193,100,0.5181347,100,1,47,0.47,47,1,0,0,0,0,0,0,0,0,0,294,172,0.585034,141,0.8197674,69,0.4011628,69,1,287,*,*,*,*,*,0.4142857,*,1,7,*,*,*,*,0,*,0,*
NT313,SPIRE WELLESLEY HOSPITAL,373,269,0.7211796,235,0.8736059,106,0.394052,106,1,154,110,0.7142857,96,0.8727273,41,0.3727273,41,1,*,*,*,*,*,*,*,*,*,*,*,*,*,*,*,*,*,*,219,159,0.7260274,139,0.8742138,65,0.408805,65,1,*,139,0.6495327,*,1,62,0.4460432,62,1,*,0,*,0,0,0,0,0,0
NT338,SPIRE YALE HOSPITAL,0,0,0,0,0,0,0,0,0,*,0,*,0,0,0,0,0,0,*,0,*,0,0,0,0,0,0,0,0,0,0,0,0,0,0,0,*,*,*,0,*,0,*,0,*,*,0,*,0,0,0,0,0,0,0,0,0,0,0,0,0,0,0
NVC18,SPRINGFIELD HOSPITAL,655,770,1.1755725,701,0.9103896,768,0.9974026,591,0.7695313,272,308,1.1323529,287,0.9318182,308,1,242,0.7857143,*,*,*,*,*,*,*,*,*,*,*,*,*,*,*,*,*,*,383,462,1.2062663,414,0.8961039,460,0.995671,349,0.7586957,372,406,1.0913978,406,1,406,1,329,0.8103448,11,8,0.7272727,8,1,8,1,5,0.625
RJ7,ST GEORGE'S UNIVERSITY HOSPITALS NHS FOUNDATION TRUST,63,28,0.4444444,15,0.5357143,28,1,14,0.5,33,19,0.5757576,12,0.6315789,19,1,10,0.5263158,16,*,*,*,*,*,*,*,*,17,*,*,*,*,*,*,*,*,30,9,0.3,3,0.3333333,9,1,4,0.4444444,24,*,*,*,*,*,*,*,*,6,0,0,0,0,0,0,0,0
RBN,ST HELENS AND KNOWSLEY TEACHING HOSPITALS NHS TRUST,719,620,0.8623088,587,0.9467742,615,0.9919355,441,0.7170732,293,268,0.9146758,251,0.9365672,266,0.9925373,190,0.7142857,264,232,0.8787879,232,1,231,0.9956897,167,0.7229437,29,19,0.6551724,19,1,19,1,13,0.6842105,426,352,0.8262911,336,0.9545455,349,0.9914773,251,0.7191977,402,320,0.7960199,320,1,318,0.99375,232,0.7295597,24,16,0.6666667,16,1,16,1,11,0.6875
NTE02,ST HUGH'S HOSPITAL,606,563,0.9290429,483,0.8579041,563,1,458,0.8134991,256,257,1.0039063,210,0.8171206,257,1,204,0.7937743,*,210,*,210,1,210,1,184,0.8761905,*,0,*,0,0,0,0,0,0,350,306,0.8742857,273,0.8921569,306,1,254,0.8300654,339,267,0.7876106,267,1,267,1,227,0.8501873,11,6,0.5454545,6,1,6,1,6,1
NHW01,STANDARD HEALTH LTD HQ,30,0,0,0,0,0,0,0,0,17,0,0,0,0,0,0,0,0,*,0,*,0,0,0,0,0,0,*,0,*,0,0,0,0,0,0,13,0,0,0,0,0,0,0,0,13,0,0,0,0,0,0,0,0,0,0,0,0,0,0,0,0,0
RWJ,STOCKPORT NHS FOUNDATION TRUST,691,726,1.0506512,460,0.6336088,715,0.9848485,421,0.5888112,360,383,1.0638889,246,0.6422977,377,0.9843342,218,0.5782493,346,239,0.6907514,239,1,236,0.9874477,175,0.7415254,14,7,0.5,7,1,7,1,5,0.7142857,331,343,1.0362538,214,0.6239067,338,0.9854227,203,0.6005917,321,*,*,*,*,*,*,*,*,10,*,*,*,*,*,*,*,*
RTP,SURREY AND SUSSEX HEALTHCARE NHS TRUST,436,348,0.7981651,264,0.7586207,348,1,220,0.6321839,229,151,0.6593886,112,0.7417219,151,1,92,0.6092715,207,99,0.4782609,99,1,99,1,69,0.6969697,22,13,0.5909091,13,1,13,1,9,0.6923077,207,197,0.9516908,152,0.7715736,197,1,128,0.6497462,197,*,*,*,*,*,*,*,*,10,*,*,*,*,*,*,*,*
AJX,SUSSEX MSK PARTNERSHIP 2,351,0,0,0,0,0,0,0,0,146,0,0,0,0,0,0,0,0,135,0,0,0,0,0,0,0,0,11,0,0,0,0,0,0,0,0,205,0,0,0,0,0,0,0,0,192,0,0,0,0,0,0,0,0,13,0,0,0,0,0,0,0,0
RMP,TAMESIDE AND GLOSSOP INTEGRATED CARE NHS FOUNDATION TRUST,406,306,0.7536946,198,0.6470588,304,0.9934641,173,0.5690789,157,129,0.8216561,82,0.6356589,128,0.9922481,79,0.6171875,*,*,*,*,*,*,*,*,*,*,*,*,*,*,*,*,*,*,249,177,0.7108434,116,0.6553672,176,0.9943503,94,0.5340909,238,*,*,*,*,*,*,*,*,11,*,*,*,*,*,*,*,*
RBA,TAUNTON AND SOMERSET NHS FOUNDATION TRUST,618,201,0.3252427,184,0.9154229,201,1,157,0.7810945,331,92,0.2779456,85,0.923913,92,1,74,0.8043478,284,77,0.2711268,77,1,77,1,65,0.8441558,47,8,0.1702128,8,1,8,1,6,0.75,287,109,0.3797909,99,0.9082569,109,1,83,0.7614679,267,*,*,*,*,*,*,*,*,20,*,*,*,*,*,*,*,*
NVC02,THE BERKSHIRE INDEPENDENT HOSPITAL,114,160,1.4035088,140,0.875,160,1,105,0.65625,51,74,1.4509804,68,0.9189189,74,1,45,0.6081081,*,*,*,*,*,*,*,*,*,*,*,*,*,*,*,*,*,*,63,86,1.3650794,72,0.8372093,86,1,60,0.6976744,*,*,*,*,*,*,*,*,*,*,*,*,*,*,*,*,*,*
RNA,THE DUDLEY GROUP NHS FOUNDATION TRUST,873,1017,1.1649485,830,0.8161259,1011,0.9941003,678,0.6706231,353,405,1.1473088,337,0.8320988,400,0.9876543,264,0.66,*,*,*,*,*,*,*,*,*,*,*,*,*,*,*,*,*,*,520,612,1.1769231,493,0.8055556,611,0.998366,414,0.6775777,511,*,*,*,*,*,*,*,*,9,*,*,*,*,*,*,*,*
RAS,THE HILLINGDON HOSPITALS NHS FOUNDATION TRUST,771,672,0.8715953,526,0.7827381,665,0.9895833,419,0.6300752,280,232,0.8285714,180,0.7758621,228,0.9827586,148,0.6491228,263,*,*,*,*,*,*,*,*,17,*,*,*,*,*,*,*,*,491,440,0.8961303,346,0.7863636,437,0.9931818,271,0.6201373,457,333,0.7286652,333,1,332,0.996997,239,0.7198795,34,13,0.3823529,13,1,13,1,9,0.6923077
NXM01,THE HORDER CENTRE - ST JOHNS ROAD,1804,1544,0.8558758,1408,0.9119171,1468,0.9507772,1243,0.8467302,877,732,0.8346636,678,0.9262295,700,0.9562842,599,0.8557143,790,620,0.7848101,620,1,605,0.9758065,531,0.877686,87,58,0.6666667,58,1,57,0.9827586,51,0.8947368,927,812,0.8759439,730,0.8990148,768,0.9458128,644,0.8385417,889,705,0.7930259,705,1,691,0.9801418,598,0.8654124,38,25,0.6578947,25,1,24,0.96,18,0.75
NXM04,THE MCINDOE CENTRE,187,208,1.1122995,159,0.7644231,206,0.9903846,122,0.592233,15,20,1.3333333,7,0.35,19,0.95,7,0.3684211,15,7,0.4666667,7,1,7,1,4,0.5714286,0,0,0,0,0,0,0,0,0,172,188,1.0930233,152,0.8085106,187,0.9946809,115,0.6149733,*,152,0.8888889,*,1,152,1,100,0.6578947,*,0,*,0,0,0,0,0,0
RTD,THE NEWCASTLE UPON TYNE HOSPITALS NHS FOUNDATION TRUST,1298,796,0.6132512,508,0.638191,777,0.9761307,428,0.5508366,605,322,0.5322314,230,0.7142857,318,0.9875776,185,0.581761,549,209,0.3806922,209,1,208,0.9952153,139,0.6682692,56,21,0.375,21,1,21,1,16,0.7619048,693,474,0.6839827,278,0.5864979,459,0.9683544,243,0.5294118,635,253,0.3984252,253,1,246,0.972332,179,0.7276423,58,25,0.4310345,25,1,24,0.96,12,0.5
RQW,THE PRINCESS ALEXANDRA HOSPITAL NHS TRUST,490,490,1,393,0.8020408,486,0.9918367,334,0.6872428,247,221,0.8947368,194,0.8778281,219,0.9909502,158,0.7214612,218,184,0.8440367,184,1,183,0.9945652,140,0.7650273,29,10,0.3448276,10,1,10,1,6,0.6,243,269,1.1069959,199,0.739777,267,0.9925651,176,0.659176,226,191,0.8451327,191,1,191,1,143,0.7486911,17,8,0.4705882,8,1,8,1,5,0.625
RCX,"THE QUEEN ELIZABETH HOSPITAL, KING'S LYNN, NHS FOUNDATION TRUST",504,433,0.859127,358,0.8267898,428,0.9884527,308,0.7196262,254,222,0.8740157,193,0.8693694,219,0.9864865,159,0.7260274,*,*,*,*,*,*,*,*,*,*,*,*,*,*,*,*,*,*,250,211,0.844,165,0.7819905,209,0.9905213,149,0.7129187,231,158,0.6839827,158,1,158,1,132,0.835443,19,7,0.3684211,7,1,7,1,6,0.8571429
RL1,THE ROBERT JONES AND AGNES HUNT ORTHOPAEDIC HOSPITAL NHS FOUNDATION TRUST,2917,2814,0.9646897,2580,0.9168443,2778,0.9872068,2216,0.7976962,1340,1279,0.9544776,1191,0.9311962,1262,0.9867084,1010,0.800317,1193,1076,0.9019279,1076,1,1072,0.9962825,877,0.818097,147,115,0.7823129,115,1,114,0.9913043,81,0.7105263,1577,1535,0.9733672,1389,0.904886,1516,0.9876221,1206,0.7955145,1407,1253,0.8905473,1253,1,1252,0.9992019,1022,0.8162939,170,136,0.8,136,1,135,0.9926471,96,0.7111111
RFR,THE ROTHERHAM NHS FOUNDATION TRUST,725,478,0.6593103,306,0.6401674,472,0.9874477,292,0.6186441,370,229,0.6189189,155,0.6768559,226,0.9868996,141,0.6238938,349,148,0.4240688,148,1,147,0.9932432,98,0.6666667,21,7,0.3333333,7,1,7,1,4,0.5714286,355,249,0.7014085,151,0.6064257,246,0.9879518,151,0.6138211,342,*,*,*,*,*,*,*,*,13,*,*,*,*,*,*,*,*
RDZ,THE ROYAL BOURNEMOUTH AND CHRISTCHURCH HOSPITALS NHS FOUNDATION TRUST,1702,961,0.5646298,732,0.7617066,958,0.9968783,690,0.7202505,774,403,0.5206718,328,0.8138958,402,0.9975186,296,0.7363184,726,317,0.4366391,317,1,316,0.9968454,246,0.778481,48,11,0.2291667,11,1,11,1,9,0.8181818,928,558,0.6012931,404,0.7240143,556,0.9964158,394,0.7086331,899,*,*,*,*,*,*,*,*,29,*,*,*,*,*,*,*,*
RRJ,THE ROYAL ORTHOPAEDIC HOSPITAL NHS FOUNDATION TRUST,2347,2009,0.8559864,1944,0.9676456,2004,0.9975112,1477,0.7370259,1266,1087,0.8586098,1058,0.9733211,1085,0.9981601,801,0.7382488,1064,928,0.8721805,928,1,927,0.9989224,689,0.7432578,202,130,0.6435644,130,1,130,1,95,0.7307692,1081,922,0.852914,886,0.9609544,919,0.9967462,676,0.7355822,937,790,0.8431163,790,1,788,0.9974684,591,0.75,144,96,0.6666667,96,1,96,1,65,0.6770833
RL4,THE ROYAL WOLVERHAMPTON NHS TRUST,1162,982,0.8450947,873,0.889002,977,0.9949084,705,0.7215967,522,441,0.8448276,403,0.9138322,439,0.9954649,318,0.7243736,494,386,0.7813765,386,1,386,1,289,0.7487047,28,17,0.6071429,17,1,16,0.9411765,15,0.9375,640,541,0.8453125,470,0.8687616,538,0.9944547,387,0.7193309,615,452,0.7349593,452,1,450,0.9955752,347,0.7711111,25,18,0.72,18,1,18,1,10,0.5555556
NN801,THE SPENCER WING (RAMSGATE ROAD),191,352,1.8429319,112,0.3181818,352,1,249,0.7073864,93,176,1.8924731,59,0.3352273,176,1,121,0.6875,93,59,0.6344086,59,1,59,1,53,0.8983051,0,0,0,0,0,0,0,0,0,98,176,1.7959184,53,0.3011364,176,1,128,0.7272727,*,*,*,*,*,*,*,*,*,*,*,*,*,*,*,*,*,*
NN802,THE SPENCER WING (WILLIAM HARVEY HOSPITAL),0,0,0,0,0,0,0,0,0,*,0,*,0,0,0,0,0,0,*,0,*,0,0,0,0,0,0,0,0,0,0,0,0,0,0,0,*,0,*,0,0,0,0,0,0,*,0,*,0,0,0,0,0,0,0,0,0,0,0,0,0,0,0
NVC20,THE YORKSHIRE CLINIC,859,829,0.9650757,801,0.9662244,822,0.9915561,639,0.7773723,360,348,0.9666667,340,0.9770115,346,0.9942529,276,0.7976879,349,332,0.9512894,332,1,332,1,270,0.813253,11,8,0.7272727,8,1,8,1,3,0.375,499,481,0.9639279,461,0.95842,476,0.989605,363,0.762605,491,455,0.9266802,455,1,453,0.9956044,351,0.7748344,8,6,0.75,6,1,6,1,5,0.8333333
RA9,TORBAY AND SOUTH DEVON NHS FOUNDATION TRUST,511,710,1.3894325,237,0.3338028,708,0.9971831,381,0.5381356,282,355,1.2588652,144,0.4056338,354,0.9971831,206,0.5819209,252,123,0.4880952,123,1,123,1,97,0.7886179,30,21,0.7,21,1,21,1,13,0.6190476,229,355,1.5502183,93,0.2619718,354,0.9971831,175,0.4943503,209,80,0.3827751,80,1,80,1,65,0.8125,20,13,0.65,13,1,13,1,6,0.4615385
NN501,TRAFFORD GENERAL HOSPITAL,49,9,0.1836735,5,0.5555556,9,1,5,0.5555556,24,*,*,*,*,*,*,*,*,*,*,*,*,*,*,*,*,*,*,0,*,0,0,0,0,0,0,25,9,0.36,5,0.5555556,9,1,5,0.5555556,*,*,*,*,*,*,*,*,*,*,0,*,0,0,0,0,0,0
NN401,TYNESIDE SURGICAL SERVICES,40,27,0.675,24,0.8888889,26,0.962963,18,0.6923077,14,16,1.1428571,14,0.875,15,0.9375,12,0.8,14,14,1,14,1,14,1,11,0.7857143,0,0,0,0,0,0,0,0,0,26,11,0.4230769,10,0.9090909,11,1,6,0.5454545,*,10,0.4,*,1,10,1,6,0.6,*,0,*,0,0,0,0,0,0
RWD,UNITED LINCOLNSHIRE HOSPITALS NHS TRUST,1183,846,0.715131,671,0.7931442,843,0.9964539,590,0.6998814,551,390,0.707804,311,0.7974359,389,0.9974359,267,0.6863753,476,284,0.5966387,284,1,284,1,214,0.7535211,75,27,0.36,27,1,27,1,20,0.7407407,632,456,0.721519,360,0.7894737,454,0.995614,323,0.7114537,583,346,0.593482,346,1,346,1,278,0.8034682,49,14,0.2857143,14,1,14,1,10,0.7142857
RRV,UNIVERSITY COLLEGE LONDON HOSPITALS NHS FOUNDATION TRUST,609,577,0.9474548,519,0.8994801,559,0.9688042,346,0.6189624,324,308,0.9506173,273,0.8863636,290,0.9415584,183,0.6310345,307,262,0.8534202,262,1,256,0.9770992,167,0.6523438,17,11,0.6470588,11,1,11,1,6,0.5454545,285,269,0.9438596,246,0.9144981,269,1,163,0.605948,257,230,0.8949416,230,1,230,1,143,0.6217391,28,16,0.5714286,16,1,16,1,8,0.5
RM2,UNIVERSITY HOSPITAL OF SOUTH MANCHESTER NHS FOUNDATION TRUST,0,187,0,0,0,187,1,121,0.6470588,0,92,0,0,0,92,1,53,0.576087,0,0,0,0,0,0,0,0,0,0,0,0,0,0,0,0,0,0,0,95,0,0,0,95,1,68,0.7157895,0,0,0,0,0,0,0,0,0,0,0,0,0,0,0,0,0,0
RHM,UNIVERSITY HOSPITAL SOUTHAMPTON NHS FOUNDATION TRUST,751,461,0.6138482,287,0.6225597,407,0.8828633,252,0.6191646,380,241,0.6342105,157,0.6514523,212,0.879668,134,0.6320755,318,126,0.3962264,126,1,120,0.952381,94,0.7833333,62,31,0.5,31,1,31,1,21,0.6774194,371,220,0.5929919,130,0.5909091,195,0.8863636,118,0.6051282,324,107,0.3302469,107,1,102,0.953271,73,0.7156863,47,23,0.4893617,23,1,23,1,17,0.7391304
RRK,UNIVERSITY HOSPITALS BIRMINGHAM NHS FOUNDATION TRUST,15,30,2,23,0.7666667,3,0.1,0,0,15,10,0.6666667,7,0.7,2,0.2,0,0,*,*,*,*,*,*,*,0,*,*,*,*,*,*,0,*,0,*,*,20,*,16,0.8,1,0.05,0,0,*,*,*,*,*,*,0,*,0,*,*,*,*,*,0,*,0,*
RA7,UNIVERSITY HOSPITALS BRISTOL NHS FOUNDATION TRUST,0,0,0,0,0,0,0,0,0,*,0,*,0,0,0,0,0,0,*,0,*,0,0,0,0,0,0,0,0,0,0,0,0,0,0,0,*,0,*,0,0,0,0,0,0,*,0,0,*,0,0,0,0,0,*,0,*,0,0,0,0,0,0
RKB,UNIVERSITY HOSPITALS COVENTRY AND WARWICKSHIRE NHS TRUST,1404,1137,0.8098291,538,0.473175,1125,0.9894459,696,0.6186667,608,480,0.7894737,219,0.45625,475,0.9895833,301,0.6336842,546,200,0.3663004,200,1,199,0.995,151,0.758794,62,19,0.3064516,19,1,18,0.9473684,14,0.7777778,796,657,0.8253769,319,0.4855403,650,0.9893455,395,0.6076923,745,307,0.4120805,307,1,305,0.9934853,226,0.7409836,51,12,0.2352941,12,1,12,1,3,0.25
RTG,UNIVERSITY HOSPITALS OF DERBY AND BURTON NHS FOUNDATION TRUST,1387,1287,0.9279019,1058,0.8220668,1277,0.99223,933,0.7306186,627,561,0.8947368,477,0.8502674,557,0.9928699,413,0.7414722,572,439,0.7674825,439,1,439,1,343,0.7813212,55,38,0.6909091,38,1,37,0.9736842,27,0.7297297,760,726,0.9552632,581,0.8002755,720,0.9917355,520,0.7222222,723,563,0.7786999,563,1,561,0.9964476,450,0.802139,37,18,0.4864865,18,1,18,1,11,0.6111111
RWE,UNIVERSITY HOSPITALS OF LEICESTER NHS TRUST,1396,1356,0.9713467,1120,0.8259587,1293,0.9535398,952,0.7362722,569,558,0.9806678,470,0.8422939,518,0.9283154,391,0.7548263,530,439,0.8283019,439,1,422,0.9612756,341,0.8080569,39,31,0.7948718,31,1,28,0.9032258,21,0.75,827,798,0.9649335,650,0.8145363,775,0.9711779,561,0.723871,753,604,0.8021248,604,1,603,0.9983444,488,0.8092869,74,46,0.6216216,46,1,46,1,33,0.7173913
RTX,UNIVERSITY HOSPITALS OF MORECAMBE BAY NHS FOUNDATION TRUST,1397,1127,0.8067287,844,0.7488909,1109,0.9840284,755,0.6807935,626,467,0.7460064,363,0.7773019,458,0.9807281,318,0.6943231,579,340,0.5872193,340,1,333,0.9794118,265,0.7957958,47,23,0.4893617,23,1,23,1,17,0.7391304,771,660,0.8560311,481,0.7287879,651,0.9863636,437,0.671275,742,466,0.6280323,466,1,460,0.9871245,361,0.7847826,29,15,0.5172414,15,1,15,1,14,0.9333333
RJE,UNIVERSITY HOSPITALS OF NORTH MIDLANDS NHS TRUST,1195,1106,0.925523,822,0.7432188,1092,0.9873418,692,0.6336996,504,445,0.8829365,334,0.7505618,439,0.9865169,268,0.6104784,441,297,0.6734694,297,1,294,0.989899,204,0.6938776,63,37,0.5873016,37,1,36,0.972973,17,0.4722222,691,661,0.9565847,488,0.7382753,653,0.9878971,424,0.6493109,656,475,0.7240854,475,1,470,0.9894737,348,0.7404255,35,13,0.3714286,13,1,13,1,7,0.5384615
RK9,UNIVERSITY HOSPITALS PLYMOUTH NHS TRUST,620,580,0.9354839,386,0.6655172,577,0.9948276,390,0.6759099,297,279,0.9393939,185,0.6630824,276,0.9892473,184,0.6666667,264,165,0.625,165,1,164,0.9939394,128,0.7804878,33,20,0.6060606,20,1,20,1,13,0.65,323,301,0.9318885,201,0.6677741,301,1,206,0.6843854,293,186,0.6348123,186,1,186,1,147,0.7903226,30,15,0.5,15,1,15,1,12,0.8
RBK,WALSALL HEALTHCARE NHS TRUST,297,280,0.9427609,204,0.7285714,278,0.9928571,166,0.5971223,120,118,0.9833333,88,0.7457627,118,1,80,0.6779661,114,*,*,*,*,*,*,*,*,6,*,*,*,*,*,*,*,*,177,162,0.9152542,116,0.7160494,160,0.9876543,86,0.5375,170,*,*,*,*,*,*,*,*,7,*,*,*,*,*,*,*,*
RWW,WARRINGTON AND HALTON HOSPITALS NHS FOUNDATION TRUST,725,638,0.88,510,0.799373,534,0.8369906,403,0.7546816,300,273,0.91,213,0.7802198,213,0.7802198,167,0.7840376,282,205,0.7269504,205,1,179,0.8731707,146,0.8156425,18,8,0.4444444,8,1,7,0.875,7,1,425,365,0.8588235,297,0.8136986,321,0.8794521,236,0.7352025,406,288,0.7093596,288,1,284,0.9861111,216,0.7605634,19,9,0.4736842,9,1,8,0.8888889,3,0.375
RWG,WEST HERTFORDSHIRE HOSPITALS NHS TRUST,888,808,0.9099099,433,0.5358911,806,0.9975248,431,0.5347395,395,346,0.8759494,194,0.5606936,345,0.9971098,183,0.5304348,367,186,0.506812,186,1,186,1,130,0.6989247,28,8,0.2857143,8,1,8,1,6,0.75,493,462,0.9371197,239,0.517316,461,0.9978355,248,0.537961,458,230,0.5021834,230,1,230,1,173,0.7521739,35,9,0.2571429,9,1,9,1,7,0.7777778
RFW,WEST MIDDLESEX UNIVERSITY HOSPITAL NHS TRUST,0,0,0,0,0,0,0,0,0,0,0,0,0,0,0,0,0,0,0,0,0,0,0,0,0,0,0,0,0,0,0,0,0,0,0,0,0,*,*,*,*,*,*,*,*,0,*,*,*,*,*,*,*,*,0,0,0,0,0,0,0,0,0
NVC21,WEST MIDLANDS HOSPITAL,364,318,0.8736264,290,0.9119497,314,0.9874214,259,0.8248408,187,164,0.8770053,148,0.902439,161,0.9817073,134,0.8322981,187,148,0.7914439,148,1,148,1,126,0.8513514,0,0,0,0,0,0,0,0,0,177,154,0.8700565,142,0.9220779,153,0.9935065,125,0.8169935,177,142,0.8022599,142,1,142,1,117,0.8239437,0,0,0,0,0,0,0,0,0
RGR,WEST SUFFOLK NHS FOUNDATION TRUST,643,464,0.7216174,320,0.6896552,463,0.9978448,329,0.7105832,336,234,0.6964286,164,0.7008547,234,1,166,0.7094017,299,150,0.5016722,150,1,150,1,120,0.8,37,14,0.3783784,14,1,14,1,11,0.7857143,307,230,0.7491857,156,0.6782609,229,0.9956522,163,0.7117904,297,*,*,*,*,*,*,*,*,10,*,*,*,*,*,*,*,*
RYR,WESTERN SUSSEX HOSPITALS NHS FOUNDATION TRUST,984,1187,1.2063008,711,0.598989,1177,0.9915754,670,0.5692438,469,497,1.0597015,323,0.6498994,494,0.9939638,282,0.5708502,422,306,0.7251185,306,1,304,0.9934641,212,0.6973684,47,17,0.3617021,17,1,17,1,14,0.8235294,515,690,1.3398058,388,0.5623188,683,0.9898551,388,0.568082,460,370,0.8043478,370,1,368,0.9945946,276,0.75,55,18,0.3272727,18,1,18,1,12,0.6666667
RA3,WESTON AREA HEALTH NHS TRUST,400,475,1.1875,288,0.6063158,473,0.9957895,304,0.6427061,213,245,1.1502347,164,0.6693878,244,0.9959184,160,0.6557377,200,154,0.77,154,1,153,0.9935065,109,0.7124183,13,10,0.7692308,10,1,10,1,7,0.7,187,230,1.2299465,124,0.5391304,229,0.9956522,144,0.628821,178,*,*,*,*,*,*,*,*,9,*,*,*,*,*,*,*,*
RKE,WHITTINGTON HEALTH NHS TRUST,303,140,0.4620462,111,0.7928571,116,0.8285714,80,0.6896552,155,51,0.3290323,45,0.8823529,49,0.9607843,33,0.6734694,144,*,*,*,*,*,*,*,*,11,*,*,*,*,*,*,*,*,148,89,0.6013514,66,0.741573,67,0.752809,47,0.7014925,142,*,*,*,*,*,*,*,*,6,*,*,*,*,*,*,*,*
NTP16,WILL ADAMS NHS TREATMENT CENTRE,0,0,0,0,0,0,0,0,0,0,0,0,0,0,0,0,0,0,0,0,0,0,0,0,0,0,0,0,0,0,0,0,0,0,0,0,*,0,*,0,0,0,0,0,0,*,0,*,0,0,0,0,0,0,0,0,0,0,0,0,0,0,0
NVC22,WINFIELD HOSPITAL,389,342,0.8791774,322,0.9415205,340,0.994152,278,0.8176471,217,192,0.8847926,181,0.9427083,191,0.9947917,153,0.8010471,*,*,*,*,*,*,*,*,*,*,*,*,*,*,*,*,*,*,172,150,0.872093,141,0.94,149,0.9933333,125,0.8389262,*,*,*,*,*,*,*,*,*,*,*,*,*,*,*,*,*,*
RBL,WIRRAL UNIVERSITY TEACHING HOSPITAL NHS FOUNDATION TRUST,827,1178,1.4244256,713,0.6052632,1168,0.991511,622,0.5325342,382,563,1.473822,324,0.5754885,558,0.991119,286,0.5125448,345,*,*,*,*,*,*,*,*,37,*,*,*,*,*,*,*,*,445,615,1.3820225,389,0.6325203,610,0.9918699,336,0.5508197,425,*,*,*,*,*,*,*,*,20,*,*,*,*,*,*,*,*
NVC23,WOODLAND HOSPITAL,748,307,0.4104278,290,0.9446254,306,0.9967427,235,0.7679739,304,141,0.4638158,131,0.929078,141,1,111,0.787234,*,131,*,131,1,131,1,105,0.8015267,*,0,*,0,0,0,0,0,0,444,166,0.3738739,159,0.9578313,165,0.9939759,124,0.7515152,*,*,*,*,*,*,*,*,*,*,*,*,*,*,*,*,*,*
NVC40,WOODTHORPE HOSPITAL,465,296,0.6365591,264,0.8918919,296,1,244,0.8243243,212,124,0.5849057,114,0.9193548,124,1,103,0.8306452,212,114,0.5377358,114,1,114,1,98,0.8596491,0,0,0,0,0,0,0,0,0,253,172,0.6798419,150,0.872093,172,1,141,0.8197674,253,150,0.5928854,150,1,150,1,128,0.8533333,0,0,0,0,0,0,0,0,0
RWP,WORCESTERSHIRE ACUTE HOSPITALS NHS TRUST,1030,796,0.7728155,638,0.8015075,784,0.9849246,516,0.6581633,451,366,0.8115299,279,0.7622951,362,0.989071,225,0.621547,426,272,0.6384977,272,1,272,1,202,0.7426471,25,7,0.28,7,1,6,0.8571429,3,0.5,579,430,0.7426598,359,0.8348837,422,0.9813953,291,0.6895735,550,348,0.6327273,348,1,345,0.9913793,268,0.7768116,29,11,0.3793103,11,1,10,0.9090909,7,0.7
RRF,"WRIGHTINGTON, WIGAN AND LEIGH NHS FOUNDATION TRUST",2936,3618,1.2322888,2810,0.7766722,3589,0.9919845,2198,0.6124269,1578,1951,1.2363752,1506,0.7719118,1933,0.990774,1189,0.6151061,1285,1281,0.9968872,1281,1,1278,0.9976581,891,0.6971831,293,225,0.7679181,225,1,223,0.9911111,152,0.6816143,1358,1667,1.2275405,1304,0.7822436,1656,0.9934013,1009,0.6092995,1219,1183,0.9704676,1183,1,1183,1,835,0.7058326,139,121,0.8705036,121,1,120,0.9917355,69,0.575
RLQ,WYE VALLEY NHS TRUST,696,260,0.3735632,219,0.8423077,258,0.9923077,196,0.7596899,295,115,0.3898305,97,0.8434783,114,0.9913043,77,0.6754386,278,87,0.3129496,87,1,87,1,62,0.7126437,17,10,0.5882353,10,1,10,1,9,0.9,401,145,0.361596,122,0.8413793,144,0.9931034,119,0.8263889,374,108,0.2887701,108,1,108,1,91,0.8425926,27,14,0.5185185,14,1,14,1,11,0.7857143
RA4,YEOVIL DISTRICT HOSPITAL NHS FOUNDATION TRUST,468,160,0.3418803,92,0.575,5,0.03125,5,1,220,73,0.3318182,43,0.5890411,2,0.0273973,2,1,203,*,*,*,*,1,*,1,*,17,*,*,*,*,0,*,0,*,248,87,0.3508065,49,0.5632184,3,0.0344828,3,1,239,*,*,*,*,*,0.0434783,*,1,9,*,*,*,*,0,*,0,*
RCB,YORK TEACHING HOSPITAL NHS FOUNDATION TRUST,1130,1234,1.0920354,997,0.8079417,1228,0.9951378,866,0.7052117,547,595,1.0877514,487,0.8184874,591,0.9932773,417,0.7055838,475,429,0.9031579,429,1,427,0.995338,336,0.7868852,72,58,0.8055556,58,1,58,1,38,0.6551724,583,639,1.0960549,510,0.7981221,637,0.9968701,449,0.7048666,518,466,0.8996139,466,1,466,1,366,0.7854077,65,44,0.6769231,44,1,44,1,33,0.75
